{
  "auc_roc": 0.6830663615560641,
  "auc_pr": 0.675928755659231,
  "f1": 0.5555555555555556,
  "precision": 0.5882352941176471,
  "recall": 0.5263157894736842,
  "num_samples": 42,
  "num_positive": 19,
  "num_negative": 23,
  "threshold": 0.6157720171601857,
  "threshold_std": 0.07007449201686916
}