{
  "auc_roc": 0.8521634615384616,
  "auc_pr": 0.8497751756130735,
  "f1": 0.7213114754098361,
  "precision": 0.6285714285714286,
  "recall": 0.8461538461538461,
  "accuracy": 0.7068965517241379
}