{
  "auc_roc": 0.8210227272727273,
  "auc_pr": 0.8918292099699421,
  "f1": 0.7692307692307693,
  "precision": 0.8823529411764706,
  "recall": 0.6818181818181818,
  "num_samples": 38,
  "num_positive": 22,
  "num_negative": 16,
  "threshold": 0.6139579146363328,
  "threshold_std": 0.09942995055764432
}