{
  "auc_roc": 0.8074981975486661,
  "precision": 0.8387096774193549,
  "recall": 0.7123287671232876,
  "f1": 0.7703703703703704,
  "optimal_threshold": 0.12000000000000001,
  "best_f1": 0.7703703703703704,
  "sample_count": 260,
  "positive_count": 146,
  "negative_count": 114,
  "continuation_rate": 0.5615384615384615,
  "auc_pr": 0.815529090638963
}