{
  "auc_roc": 0.6181818181818182,
  "auc_pr": 0.6595531898174335,
  "threshold": 0.40764150619506834,
  "threshold_method": "k-fold-cv",
  "cv_folds": 5,
  "cv_threshold_std": 0.20514688155994848,
  "fold_thresholds": [
    0.41495761275291443,
    0.2650838792324066,
    0.7999778985977173,
    0.31829407811164856,
    0.2398940622806549
  ],
  "precision": 0.5,
  "recall": 0.18181818181818182,
  "f1_score": 0.26666666666666666,
  "positive_count": 22,
  "negative_count": 15,
  "total_count": 37
}