{
  "accuracy": 0.737,
  "auc_roc": 0.828624,
  "auc_pr": 0.32128337897928544,
  "f1": 0.4356223175965665
}