{
  "auc_roc": 0.7452380952380953,
  "auc_pr": 0.7693207419796827,
  "f1": 0.631578947368421,
  "precision": 0.6666666666666666,
  "recall": 0.6,
  "num_samples": 41,
  "num_positive": 20,
  "num_negative": 21,
  "threshold": 0.6667428096350376,
  "threshold_std": 0.12478187521489947
}