{
  "auc_roc": 0.5198412698412699,
  "auc_pr": 0.4006882655299076,
  "threshold": 0.20285179167985917,
  "threshold_method": "k-fold-cv",
  "cv_folds": 5,
  "cv_threshold_std": 0.05498912473112273,
  "fold_thresholds": [
    0.21230585873126984,
    0.2784416675567627,
    0.21199184656143188,
    0.10678552836179733,
    0.20473405718803406
  ],
  "precision": 0.2222222222222222,
  "recall": 0.14285714285714285,
  "f1_score": 0.17391304347826086,
  "positive_count": 14,
  "negative_count": 18,
  "total_count": 32
}