{
  "auc_roc": 0.6693363844393593,
  "auc_pr": 0.6791509374210762,
  "f1": 0.5882352941176471,
  "precision": 0.6666666666666666,
  "recall": 0.5263157894736842,
  "num_samples": 42,
  "num_positive": 19,
  "num_negative": 23,
  "threshold": 0.6139579146363328,
  "threshold_std": 0.09942995055764436
}