{
  "auc_roc": 0.8855534709193246,
  "auc_pr": 0.6738035089133565,
  "optimal_threshold": 0.8667133450508118,
  "precision": 0.5789473684210527,
  "recall": 0.8461538461538461,
  "f1_score": 0.6875,
  "positive_count": 13,
  "negative_count": 41,
  "total_count": 54
}