{
  "auc_roc": 0.8541666666666667,
  "auc_pr": 0.8047211450829871,
  "f1": 0.7027027027027027,
  "precision": 0.7647058823529411,
  "recall": 0.65,
  "num_samples": 44,
  "num_positive": 20,
  "num_negative": 24,
  "threshold": 0.6389762676202182,
  "threshold_std": 0.08390284546132082
}