{
  "auc_roc": 0.9253510716925352,
  "auc_pr": 0.7874822145299712,
  "f1": 0.7346938775510204,
  "precision": 0.6666666666666666,
  "recall": 0.8181818181818182,
  "num_samples": 145,
  "num_positive": 22,
  "num_negative": 123,
  "threshold": 0.33915784292839074,
  "threshold_std": 0.07872119249776902
}