{
  "threshold": 0.46726319193840027,
  "precision": 0.6190476190476191,
  "recall": 0.6190476190476191,
  "f1": 0.6190476189976191,
  "positive_rate": 0.35,
  "method": "f1_maximization_on_train_data",
  "train_prediction_stats": {
    "min": 0.4366663694381714,
    "max": 0.49893635511398315,
    "mean": 0.46296348174413043,
    "std": 0.013972172061556183,
    "median": 0.4637049436569214
  }
}