{
  "auc_roc": 0.8322916666666668,
  "auc_pr": 0.7876459428271583,
  "f1": 0.7368421052631579,
  "precision": 0.7777777777777778,
  "recall": 0.7,
  "num_samples": 44,
  "num_positive": 20,
  "num_negative": 24,
  "threshold": 0.3641342634454913,
  "threshold_std": 0.06752207317698293
}