eval_period,auc_roc,auc_pr,f1_score,precision,recall
0-3m (train),0.3284493284493285,0.2594118101215759,0.5185185185185185,0.35,1.0
0-3m,0.3284493284493285,0.2594118101215759,0.5185185185185185,0.35,1.0
3-6m,0.3284493284493285,0.2594118101215759,0.5185185185185185,0.35,1.0
6-9m,0.3284493284493285,0.2594118101215759,0.5185185185185185,0.35,1.0
9-12m,0.3284493284493285,0.2594118101215759,0.5185185185185185,0.35,1.0
