future_window,fw_start,fw_end,auc_roc,auc_pr,f1_score,precision,recall
0-3m,0,3,0.3284493284493285,0.2594118101215759,0.5185185185185185,0.35,1.0
3-6m,3,6,0.18618618618618615,0.20623777981592661,0.4722222222222222,0.3148148148148148,0.9444444444444444
6-9m,6,9,0.22546419098143236,0.20013708363603808,0.4444444444444444,0.2926829268292683,0.9230769230769231
9-12m,9,12,0.44836956521739135,0.4225170387409483,0.5925925925925926,0.42105263157894735,1.0
