{
  "state_importance": {
    "経験日数": -0.0005079043912701309,
    "総コミット数": 0.008378246799111366,
    "総レビュー数": 0.017580179497599602,
    "最近の活動頻度": 0.01211638655513525,
    "平均活動間隔": -0.01049747597426176,
    "活動トレンド": -0.009291000664234161,
    "協力スコア": 0.0029649296775460243,
    "コード品質スコア": -0.01060895249247551,
    "最近の受諾率": -0.0032424607779830694,
    "レビュー負荷": -0.0007996928179636598
  },
  "action_importance": {
    "強度（ファイル数）": 0.0034973567817360163,
    "協力度": 0.009138502180576324,
    "応答速度": 0.003467243630439043,
    "レビュー規模（行数）": -0.0002493284991942346
  },
  "method": "gradient_based"
}