{
  "auc_roc": 0.9744318181818181,
  "auc_pr": 0.9831929434202161,
  "f1": 0.9047619047619048,
  "precision": 0.95,
  "recall": 0.8636363636363636,
  "num_samples": 38,
  "num_positive": 22,
  "num_negative": 16,
  "threshold": 0.6157720171601857,
  "threshold_std": 0.0700744920168692
}