{
  "auc_roc": 0.45238095238095244,
  "auc_pr": 0.373253415781369,
  "threshold": 0.40764150619506834,
  "threshold_method": "k-fold-cv",
  "cv_folds": 5,
  "cv_threshold_std": 0.20514688155994848,
  "fold_thresholds": [
    0.41495761275291443,
    0.2650838792324066,
    0.7999778985977173,
    0.31829407811164856,
    0.2398940622806549
  ],
  "precision": 0.16666666666666666,
  "recall": 0.07142857142857142,
  "f1_score": 0.1,
  "positive_count": 14,
  "negative_count": 18,
  "total_count": 32
}