{
  "auc_roc": 0.8228228228228228,
  "auc_pr": 0.7395816418677896,
  "optimal_threshold": 0.4562135338783264,
  "threshold_source": "train_data",
  "precision": 0.6363636363636364,
  "recall": 0.7777777777777778,
  "f1_score": 0.7,
  "positive_count": 18,
  "negative_count": 37,
  "total_count": 55,
  "eval_optimal_threshold": 0.4579748511314392,
  "eval_optimal_f1": 0.6999999999505,
  "prediction_stats": {
    "min": 0.4335745573043823,
    "max": 0.4932312071323395,
    "mean": 0.45561087944290857,
    "std": 0.014767370001985625,
    "median": 0.4549308717250824
  }
}