{
  "threshold": 0.47040797774453447,
  "precision": 0.631578947368421,
  "recall": 0.5454545454545454,
  "f1": 0.5853658536088042
}