{
  "auc_roc": 0.5080213903743315,
  "auc_pr": 0.5116746008719029,
  "optimal_threshold": 0.4868711531162262,
  "threshold_source": "train_data",
  "precision": 0.4444444444444444,
  "recall": 0.9411764705882353,
  "f1_score": 0.6037735849056604,
  "positive_count": 17,
  "negative_count": 22,
  "total_count": 39,
  "eval_optimal_threshold": 0.4896225929260254,
  "eval_optimal_f1": 0.6122448979138692,
  "prediction_stats": {
    "min": 0.47396552562713623,
    "max": 0.5109108686447144,
    "mean": 0.49527245148634297,
    "std": 0.007860711550001943,
    "median": 0.4953799843788147
  }
}