{
  "threshold": 0.4868711531162262,
  "precision": 0.47058823529411764,
  "recall": 0.9411764705882353,
  "f1": 0.6274509803477125,
  "positive_rate": 0.4358974358974359,
  "method": "f1_maximization_on_train_data",
  "train_prediction_stats": {
    "min": 0.4729743003845215,
    "max": 0.506851077079773,
    "mean": 0.4927905736825405,
    "std": 0.007025515868215812,
    "median": 0.49375471472740173
  }
}