{
  "auc_roc": 0.7675,
  "auc_pr": 0.7073955263392979,
  "threshold": 0.9791221022605896,
  "precision": 0.75,
  "recall": 0.1875,
  "f1_score": 0.3,
  "positive_count": 16,
  "negative_count": 25,
  "total_count": 41
}