{
  "accuracy": 0.9105,
  "auc_roc": 0.9064670465137256,
  "auc_pr": 0.7508524467467595,
  "f1": 0.6751361161524501
}