{
  "baseline": "logistic_regression",
  "metrics": {
    "auc_roc": [
      [
        0.8105335157318742,
        0.8428571428571429,
        0.7407407407407407,
        0.7849264705882353
      ],
      [
        0.735609756097561,
        0.8196078431372549,
        0.7554858934169278,
        0.8012345679012346
      ],
      [
        0.6911764705882353,
        0.8133874239350912,
        0.6900000000000001,
        0.7351190476190476
      ],
      [
        0.0,
        0.0,
        0.0,
        0.0
      ]
    ],
    "auc_pr": [
      [
        0.8106007819386807,
        0.8438288317216927,
        0.7835720836956882,
        0.7909893192050973
      ],
      [
        0.8062048620418103,
        0.8305352219128459,
        0.8017545156309415,
        0.8077420242262086
      ],
      [
        0.8369137532076936,
        0.8706331900959239,
        0.8136424011366035,
        0.8135403058506884
      ],
      [
        0.0,
        0.0,
        0.0,
        0.0
      ]
    ],
    "f1": [
      [
        0.782608695652174,
        0.7804878048780488,
        0.7222222222222222,
        0.7027027027027027
      ],
      [
        0.7674418604651163,
        0.8,
        0.7272727272727273,
        0.7575757575757576
      ],
      [
        0.7887323943661971,
        0.8307692307692308,
        0.7777777777777778,
        0.7692307692307693
      ],
      [
        0.0,
        0.0,
        0.0,
        0.0
      ]
    ],
    "precision": [
      [
        0.7346938775510204,
        0.6956521739130435,
        0.6341463414634146,
        0.6190476190476191
      ],
      [
        0.7333333333333333,
        0.7317073170731707,
        0.6486486486486487,
        0.6944444444444444
      ],
      [
        0.7567567567567568,
        0.75,
        0.7241379310344828,
        0.7142857142857143
      ],
      [
        0.0,
        0.0,
        0.0,
        0.0
      ]
    ],
    "recall": [
      [
        0.8372093023255814,
        0.8888888888888888,
        0.8387096774193549,
        0.8125
      ],
      [
        0.8048780487804879,
        0.8823529411764706,
        0.8275862068965517,
        0.8333333333333334
      ],
      [
        0.8235294117647058,
        0.9310344827586207,
        0.84,
        0.8333333333333334
      ],
      [
        0.0,
        0.0,
        0.0,
        0.0
      ]
    ]
  }
}