{
  "threshold": 0.4773455858230591,
  "precision": 0.5555555555555556,
  "recall": 0.9375,
  "f1": 0.6976744185579232,
  "positive_rate": 0.41025641025641024,
  "method": "f1_maximization_on_train_data",
  "train_prediction_stats": {
    "min": 0.4580901265144348,
    "max": 0.48479321599006653,
    "mean": 0.4781559400069408,
    "std": 0.005494185639140626,
    "median": 0.48072153329849243
  }
}