{
  "baseline": "logistic_regression",
  "metrics": {
    "auc_roc": [
      [
        0.7163561076604555,
        0.8292181069958847,
        0.8299595141700405,
        0.7961956521739131
      ],
      [
        0.7225672877846792,
        0.8251028806584362,
        0.8218623481781376,
        0.8315217391304348
      ],
      [
        0.6977225672877847,
        0.8292181069958848,
        0.8744939271255061,
        0.7445652173913044
      ],
      [
        0.4906832298136646,
        0.39917695473251025,
        0.40485829959514175,
        0.36141304347826086
      ]
    ],
    "auc_pr": [
      [
        0.7565105082437016,
        0.6914862657122719,
        0.8347327766832411,
        0.7957243390667303
      ],
      [
        0.7407123708069088,
        0.6951161570233225,
        0.8271245662550011,
        0.8221884523500236
      ],
      [
        0.7147016094488525,
        0.7585646170791098,
        0.8816364135190047,
        0.7951483526125553
      ],
      [
        0.5788884540402726,
        0.35337882044319924,
        0.38078189790002154,
        0.34962606072694474
      ]
    ],
    "f1": [
      [
        0.6530612244897959,
        0.7619047619047619,
        0.6470588235294118,
        0.7027027027027027
      ],
      [
        0.6530612244897959,
        0.7619047619047619,
        0.6470588235294118,
        0.7027027027027027
      ],
      [
        0.7169811320754716,
        0.6666666666666666,
        0.7027027027027027,
        0.6341463414634146
      ],
      [
        0.4878048780487805,
        0.3783783783783784,
        0.4,
        0.35294117647058826
      ]
    ],
    "precision": [
      [
        0.5714285714285714,
        0.6666666666666666,
        0.5238095238095238,
        0.6190476190476191
      ],
      [
        0.5714285714285714,
        0.6666666666666666,
        0.5238095238095238,
        0.6190476190476191
      ],
      [
        0.59375,
        0.5333333333333333,
        0.5416666666666666,
        0.52
      ],
      [
        0.5,
        0.3684210526315789,
        0.35294117647058826,
        0.3333333333333333
      ]
    ],
    "recall": [
      [
        0.7619047619047619,
        0.8888888888888888,
        0.8461538461538461,
        0.8125
      ],
      [
        0.7619047619047619,
        0.8888888888888888,
        0.8461538461538461,
        0.8125
      ],
      [
        0.9047619047619048,
        0.8888888888888888,
        1.0,
        0.8125
      ],
      [
        0.47619047619047616,
        0.3888888888888889,
        0.46153846153846156,
        0.375
      ]
    ]
  }
}