{
  "auc_roc": 0.6231231231231231,
  "auc_pr": 0.411971545778569,
  "optimal_threshold": 0.4773455858230591,
  "threshold_source": "train_data",
  "precision": 0.40540540540540543,
  "recall": 0.8333333333333334,
  "f1_score": 0.5454545454545454,
  "positive_count": 18,
  "negative_count": 37,
  "total_count": 55,
  "eval_optimal_threshold": 0.4769078195095062,
  "eval_optimal_f1": 0.571428571384949,
  "prediction_stats": {
    "min": 0.4585016071796417,
    "max": 0.4880524277687073,
    "mean": 0.4783963376825506,
    "std": 0.005830912509258741,
    "median": 0.4792959988117218
  }
}