{
  "auc_roc": 0.9229323308270676,
  "auc_pr": 0.6727604538318824,
  "f1": 0.5853658536585366,
  "precision": 0.4444444444444444,
  "recall": 0.8571428571428571,
  "num_samples": 166,
  "num_positive": 14,
  "num_negative": 152,
  "threshold": 0.3391578429283907,
  "threshold_std": 0.07872119249776907
}