{
  "auc_roc": 0.95,
  "auc_pr": 0.9328748620660385,
  "f1": 0.8421052631578947,
  "precision": 0.8888888888888888,
  "recall": 0.8,
  "num_samples": 44,
  "num_positive": 20,
  "num_negative": 24,
  "threshold": 0.6139579146363328,
  "threshold_std": 0.09942995055764439
}