{
  "state_importance": {
    "経験日数": -0.007638487033545971,
    "総コミット数": 0.01254141703248024,
    "総レビュー数": 0.03164416924118996,
    "最近の活動頻度": 0.017440730705857277,
    "平均活動間隔": -0.016489675268530846,
    "活動トレンド": -0.004611702635884285,
    "協力スコア": 0.00467215059325099,
    "コード品質スコア": -0.008888696320354939,
    "最近の受諾率": 0.0012225034879520535,
    "レビュー負荷": 0.010485123842954636
  },
  "action_importance": {
    "強度（ファイル数）": 0.010058262385427952,
    "協力度": 0.015556387603282928,
    "応答速度": -0.0027364406269043684,
    "レビュー規模（行数）": -0.0005027619190514088
  },
  "method": "gradient_based"
}