{
  "threshold": 0.48727768659591675,
  "precision": 0.76,
  "recall": 0.8636363636363636,
  "f1": 0.8085106382480761,
  "positive_rate": 0.4074074074074074,
  "method": "f1_maximization_on_train_data",
  "train_prediction_stats": {
    "min": 0.47618401050567627,
    "max": 0.5012669563293457,
    "mean": 0.488098524234913,
    "std": 0.005785577775567382,
    "median": 0.48703551292419434
  }
}