{
  "auc_roc": 0.71875,
  "auc_pr": 0.742685518191179,
  "optimal_threshold": 0.6663995981216431,
  "precision": 0.7272727272727273,
  "recall": 0.7272727272727273,
  "f1_score": 0.7272727272727273,
  "positive_count": 22,
  "negative_count": 24,
  "total_count": 46
}