{
  "auc_roc": 0.7051192145862553,
  "auc_pr": 0.5724549132069547,
  "optimal_threshold": 0.71,
  "precision": 0.6176470588235294,
  "recall": 0.6774193548387096,
  "f1_score": 0.6461538461538462,
  "positive_count": 62,
  "negative_count": 92,
  "total_count": 154
}