{
  "threshold": 0.4562135338783264,
  "precision": 0.6190476190476191,
  "recall": 0.6190476190476191,
  "f1": 0.6190476189976191,
  "positive_rate": 0.35,
  "method": "f1_maximization_on_train_data",
  "auc_roc": 0.7228327228327228,
  "auc_pr": 0.5875182776757866,
  "train_prediction_stats": {
    "min": 0.4287567138671875,
    "max": 0.4925571084022522,
    "mean": 0.4528675903876623,
    "std": 0.015106335697505212,
    "median": 0.4533332288265228
  }
}