{
  "auc_roc": 0.8819776714513556,
  "auc_pr": 0.6457942390140533,
  "f1": 0.5777777777777777,
  "precision": 0.5,
  "recall": 0.6842105263157895,
  "num_samples": 151,
  "num_positive": 19,
  "num_negative": 132,
  "threshold": 0.3391578429283907,
  "threshold_std": 0.07872119249776904
}