{
  "baseline": "logistic_regression",
  "metrics": {
    "auc_roc": [
      [
        0.7474120082815734,
        0.8395061728395061,
        0.8623481781376519,
        0.8043478260869565
      ],
      [
        0.7391304347826086,
        0.8436213991769547,
        0.8623481781376519,
        0.8016304347826086
      ],
      [
        0.7412008281573499,
        0.8456790123456791,
        0.8623481781376519,
        0.8043478260869565
      ],
      [
        0.7701863354037267,
        0.8436213991769548,
        0.8623481781376519,
        0.826086956521739
      ]
    ],
    "auc_pr": [
      [
        0.7708659880032633,
        0.7244303901102146,
        0.8630021938845468,
        0.8141868095672443
      ],
      [
        0.7568383820113715,
        0.7293125449923695,
        0.8660907719731249,
        0.8214995200049547
      ],
      [
        0.7554562214030205,
        0.7331004237802482,
        0.8660907719731249,
        0.8171074634747404
      ],
      [
        0.7846494595946552,
        0.7554853010670863,
        0.8798177857001386,
        0.8377409508383773
      ]
    ],
    "f1": [
      [
        0.6530612244897959,
        0.7441860465116279,
        0.6470588235294118,
        0.6486486486486487
      ],
      [
        0.64,
        0.7272727272727273,
        0.6857142857142857,
        0.6486486486486487
      ],
      [
        0.64,
        0.7272727272727273,
        0.6857142857142857,
        0.631578947368421
      ],
      [
        0.6538461538461539,
        0.6956521739130435,
        0.6486486486486487,
        0.6666666666666666
      ]
    ],
    "precision": [
      [
        0.5714285714285714,
        0.64,
        0.5238095238095238,
        0.5714285714285714
      ],
      [
        0.5517241379310345,
        0.6153846153846154,
        0.5454545454545454,
        0.5714285714285714
      ],
      [
        0.5517241379310345,
        0.6153846153846154,
        0.5454545454545454,
        0.5454545454545454
      ],
      [
        0.5483870967741935,
        0.5714285714285714,
        0.5,
        0.5384615384615384
      ]
    ],
    "recall": [
      [
        0.7619047619047619,
        0.8888888888888888,
        0.8461538461538461,
        0.75
      ],
      [
        0.7619047619047619,
        0.8888888888888888,
        0.9230769230769231,
        0.75
      ],
      [
        0.7619047619047619,
        0.8888888888888888,
        0.9230769230769231,
        0.75
      ],
      [
        0.8095238095238095,
        0.8888888888888888,
        0.9230769230769231,
        0.875
      ]
    ]
  }
}