{
  "auc_roc": 0.6712962962962963,
  "auc_pr": 0.6103088044779093,
  "optimal_threshold": 0.4868711531162262,
  "threshold_source": "train_data",
  "precision": 0.4473684210526316,
  "recall": 0.9444444444444444,
  "f1_score": 0.6071428571428571,
  "positive_count": 18,
  "negative_count": 24,
  "total_count": 42,
  "eval_optimal_threshold": 0.49162620306015015,
  "eval_optimal_f1": 0.7083333332864584,
  "prediction_stats": {
    "min": 0.47495898604393005,
    "max": 0.5109108686447144,
    "mean": 0.49445862429482595,
    "std": 0.008016565851591051,
    "median": 0.49448272585868835
  }
}