{
  "auc_roc": 0.7615740740740741,
  "auc_pr": 0.7150376005189882,
  "optimal_threshold": 0.4873104989528656,
  "threshold_source": "train_data",
  "precision": 0.5483870967741935,
  "recall": 0.9444444444444444,
  "f1_score": 0.6938775510204082,
  "positive_count": 18,
  "negative_count": 24,
  "total_count": 42,
  "eval_optimal_threshold": 0.4887861907482147,
  "eval_optimal_f1": 0.7234042552718877,
  "prediction_stats": {
    "min": 0.48175206780433655,
    "max": 0.5044528841972351,
    "mean": 0.48984261140936897,
    "std": 0.003891666357958403,
    "median": 0.49008575081825256
  }
}