{
  "threshold": 0.4873104989528656,
  "precision": 0.5666666666666667,
  "recall": 0.9444444444444444,
  "f1": 0.7083333332864584,
  "positive_rate": 0.42857142857142855,
  "method": "f1_maximization_on_train_data",
  "train_prediction_stats": {
    "min": 0.48119252920150757,
    "max": 0.49330806732177734,
    "mean": 0.48883768632298424,
    "std": 0.003311474872283534,
    "median": 0.48951786756515503
  }
}