{
  "auc_roc": 0.8912466843501327,
  "auc_pr": 0.8275494929906695,
  "optimal_threshold": 0.4766741991043091,
  "threshold_source": "train_data",
  "precision": 0.5714285714285714,
  "recall": 0.9230769230769231,
  "f1_score": 0.7058823529411765,
  "positive_count": 13,
  "negative_count": 29,
  "total_count": 42,
  "eval_optimal_threshold": 0.4797433614730835,
  "eval_optimal_f1": 0.7333333332842222,
  "prediction_stats": {
    "min": 0.4515644907951355,
    "max": 0.5000914335250854,
    "mean": 0.4749824014447984,
    "std": 0.01164574250461503,
    "median": 0.47644349932670593
  }
}