{
  "auc_roc": 0.656140350877193,
  "auc_pr": 0.5394795966089534,
  "optimal_threshold": 0.9029467105865479,
  "precision": 0.5,
  "recall": 0.13333333333333333,
  "f1_score": 0.21052631578947367,
  "positive_count": 15,
  "negative_count": 19,
  "total_count": 34
}