{
  "threshold": 0.5787492394447327,
  "precision": 0.42105263157894735,
  "recall": 1.0,
  "f1": 0.5925925925508916,
  "positive_rate": 0.41025641025641024,
  "method": "f1_maximization_on_train_data",
  "train_prediction_stats": {
    "min": 0.5768744945526123,
    "max": 0.6452144980430603,
    "mean": 0.6022002269060184,
    "std": 0.01438037684858257,
    "median": 0.6019155979156494
  }
}