{
  "auc_roc": 0.6083333333333334,
  "auc_pr": 0.4705090452885102,
  "threshold": 0.30472695231437685,
  "threshold_method": "k-fold-cv",
  "cv_folds": 5,
  "cv_threshold_std": 0.09776851326681837,
  "fold_thresholds": [
    0.2544271945953369,
    0.2551411986351013,
    0.25729769468307495,
    0.5002536177635193,
    0.2565150558948517
  ],
  "precision": 0.4,
  "recall": 0.2,
  "f1_score": 0.26666666666666666,
  "positive_count": 20,
  "negative_count": 24,
  "total_count": 44
}