{
  "auc_roc": 0.8214285714285714,
  "auc_pr": 0.7446533625105053,
  "f1": 0.75,
  "precision": 0.6666666666666666,
  "recall": 0.8571428571428571,
  "num_samples": 34,
  "num_positive": 14,
  "num_negative": 20,
  "threshold": 0.5725772300888112,
  "threshold_std": 0.058755071504750477
}