{
  "auc_roc": 0.7282196969696969,
  "auc_pr": 0.7892680132464192,
  "optimal_threshold": 0.5807099938392639,
  "precision": 0.8333333333333334,
  "recall": 0.6818181818181818,
  "f1_score": 0.75,
  "positive_count": 22,
  "negative_count": 24,
  "total_count": 46
}