{
  "baseline": "random_forest",
  "metrics": {
    "auc_roc": [
      [
        0.8296853625170999,
        0.7468253968253968,
        0.7849462365591398,
        0.775735294117647
      ],
      [
        0.8034146341463415,
        0.8024509803921568,
        0.7523510971786834,
        0.7123456790123457
      ],
      [
        0.6649159663865546,
        0.8073022312373225,
        0.6833333333333333,
        0.6919642857142858
      ],
      [
        0.0,
        0.0,
        0.0,
        0.0
      ]
    ],
    "auc_pr": [
      [
        0.836958168156595,
        0.70539925079254,
        0.7660188336903624,
        0.7385881311393282
      ],
      [
        0.8420361366564654,
        0.7855336068951193,
        0.7751314389187036,
        0.6694131930961995
      ],
      [
        0.7908962707915146,
        0.8451056948846907,
        0.7761557613947646,
        0.7601904477625441
      ],
      [
        0.0,
        0.0,
        0.0,
        0.0
      ]
    ],
    "f1": [
      [
        0.8043478260869565,
        0.7529411764705882,
        0.7692307692307693,
        0.7435897435897436
      ],
      [
        0.8571428571428571,
        0.7529411764705882,
        0.7837837837837838,
        0.7466666666666667
      ],
      [
        0.8607594936708861,
        0.7837837837837838,
        0.8333333333333334,
        0.8
      ],
      [
        0.0,
        0.0,
        0.0,
        0.0
      ]
    ],
    "precision": [
      [
        0.7551020408163265,
        0.6530612244897959,
        0.6382978723404256,
        0.6304347826086957
      ],
      [
        0.78,
        0.6274509803921569,
        0.6444444444444445,
        0.6222222222222222
      ],
      [
        0.7555555555555555,
        0.6444444444444445,
        0.7142857142857143,
        0.6666666666666666
      ],
      [
        0.0,
        0.0,
        0.0,
        0.0
      ]
    ],
    "recall": [
      [
        0.8604651162790697,
        0.8888888888888888,
        0.967741935483871,
        0.90625
      ],
      [
        0.9512195121951219,
        0.9411764705882353,
        1.0,
        0.9333333333333333
      ],
      [
        1.0,
        1.0,
        1.0,
        1.0
      ],
      [
        0.0,
        0.0,
        0.0,
        0.0
      ]
    ]
  }
}