{
  "auc_roc": 0.7268518518518517,
  "auc_pr": 0.7687959677515923,
  "optimal_threshold": 0.7022322416305542,
  "precision": 0.7857142857142857,
  "recall": 0.6875,
  "f1_score": 0.7333333333333333,
  "positive_count": 16,
  "negative_count": 27,
  "total_count": 43
}