{
  "accuracy": 0.987,
  "auc_roc": 0.9993158166144901,
  "auc_pr": 0.9991518010785676,
  "f1": 0.9851767388825542
}