{
  "accuracy": 0.9,
  "auc_roc": 0.7497729795177075,
  "auc_pr": 0.20790668604641566,
  "f1": 0.009900990099009901
}