{
  "baseline": "logistic_regression",
  "matrix": {
    "0-3m_0-3m": {
      "metrics": {
        "auc_pr": 0.947845804988662,
        "auc_roc": 0.8571428571428571,
        "f1": 0.7272727272727273,
        "precision": 1.0,
        "recall": 0.5714285714285714,
        "accuracy": 0.7,
        "threshold": 0.5,
        "true_positives": 4,
        "false_positives": 0,
        "true_negatives": 3,
        "false_negatives": 3,
        "positive_rate": 0.7
      },
      "train_time": 0.005278110504150391,
      "n_train": 38,
      "n_test": 10,
      "n_trajectories": 48
    },
    "0-3m_3-6m": {
      "metrics": {
        "auc_pr": 1.0,
        "auc_roc": 1.0,
        "f1": 1.0,
        "precision": 1.0,
        "recall": 1.0,
        "accuracy": 1.0,
        "threshold": 0.5,
        "true_positives": 8,
        "false_positives": 0,
        "true_negatives": 2,
        "false_negatives": 0,
        "positive_rate": 0.8
      },
      "train_time": 0.0018880367279052734,
      "n_train": 36,
      "n_test": 10,
      "n_trajectories": 46
    },
    "0-3m_6-9m": {
      "metrics": {
        "auc_pr": 0.4928571428571429,
        "auc_roc": 0.375,
        "f1": 0.6,
        "precision": 0.5,
        "recall": 0.75,
        "accuracy": 0.5,
        "threshold": 0.5,
        "true_positives": 3,
        "false_positives": 3,
        "true_negatives": 1,
        "false_negatives": 1,
        "positive_rate": 0.5
      },
      "train_time": 0.0019009113311767578,
      "n_train": 29,
      "n_test": 8,
      "n_trajectories": 37
    },
    "0-3m_9-12m": {
      "metrics": {
        "auc_pr": 0.6861904761904762,
        "auc_roc": 0.6000000000000001,
        "f1": 0.7272727272727273,
        "precision": 0.6666666666666666,
        "recall": 0.8,
        "accuracy": 0.625,
        "threshold": 0.5,
        "true_positives": 4,
        "false_positives": 2,
        "true_negatives": 1,
        "false_negatives": 1,
        "positive_rate": 0.625
      },
      "train_time": 0.0018379688262939453,
      "n_train": 30,
      "n_test": 8,
      "n_trajectories": 38
    },
    "3-6m_0-3m": {
      "metrics": {
        "auc_pr": 0.9540404040404039,
        "auc_roc": 0.75,
        "f1": 0.8235294117647058,
        "precision": 1.0,
        "recall": 0.7,
        "accuracy": 0.75,
        "threshold": 0.5,
        "true_positives": 7,
        "false_positives": 0,
        "true_negatives": 2,
        "false_negatives": 3,
        "positive_rate": 0.8333333333333334
      },
      "train_time": 0.0019712448120117188,
      "n_train": 45,
      "n_test": 12,
      "n_trajectories": 57
    },
    "3-6m_3-6m": {
      "metrics": {
        "auc_pr": 0.8334686147186148,
        "auc_roc": 0.6875,
        "f1": 0.75,
        "precision": 0.75,
        "recall": 0.75,
        "accuracy": 0.6666666666666666,
        "threshold": 0.5,
        "true_positives": 6,
        "false_positives": 2,
        "true_negatives": 2,
        "false_negatives": 2,
        "positive_rate": 0.6666666666666666
      },
      "train_time": 0.0019352436065673828,
      "n_train": 46,
      "n_test": 12,
      "n_trajectories": 58
    },
    "3-6m_6-9m": {
      "metrics": {
        "auc_pr": 0.8106150793650794,
        "auc_roc": 0.4375,
        "f1": 0.6153846153846154,
        "precision": 0.8,
        "recall": 0.5,
        "accuracy": 0.5,
        "threshold": 0.5,
        "true_positives": 4,
        "false_positives": 1,
        "true_negatives": 1,
        "false_negatives": 4,
        "positive_rate": 0.8
      },
      "train_time": 0.001984119415283203,
      "n_train": 37,
      "n_test": 10,
      "n_trajectories": 47
    },
    "3-6m_9-12m": {
      "metrics": {
        "auc_pr": 0.9626543209876544,
        "auc_roc": 0.8333333333333333,
        "f1": 0.7142857142857143,
        "precision": 1.0,
        "recall": 0.5555555555555556,
        "accuracy": 0.6363636363636364,
        "threshold": 0.5,
        "true_positives": 5,
        "false_positives": 0,
        "true_negatives": 2,
        "false_negatives": 4,
        "positive_rate": 0.8181818181818182
      },
      "train_time": 0.0019347667694091797,
      "n_train": 40,
      "n_test": 11,
      "n_trajectories": 51
    },
    "6-9m_0-3m": {
      "metrics": {
        "auc_pr": 0.9888888888888892,
        "auc_roc": 0.9722222222222222,
        "f1": 0.875,
        "precision": 1.0,
        "recall": 0.7777777777777778,
        "accuracy": 0.8461538461538461,
        "threshold": 0.5,
        "true_positives": 7,
        "false_positives": 0,
        "true_negatives": 4,
        "false_negatives": 2,
        "positive_rate": 0.6923076923076923
      },
      "train_time": 0.001962900161743164,
      "n_train": 50,
      "n_test": 13,
      "n_trajectories": 63
    },
    "6-9m_3-6m": {
      "metrics": {
        "auc_pr": 0.8993055555555556,
        "auc_roc": 0.75,
        "f1": 0.75,
        "precision": 0.75,
        "recall": 0.75,
        "accuracy": 0.6666666666666666,
        "threshold": 0.5,
        "true_positives": 6,
        "false_positives": 2,
        "true_negatives": 2,
        "false_negatives": 2,
        "positive_rate": 0.6666666666666666
      },
      "train_time": 0.0019078254699707031,
      "n_train": 48,
      "n_test": 12,
      "n_trajectories": 60
    },
    "6-9m_6-9m": {
      "metrics": {
        "auc_pr": 0.7160714285714285,
        "auc_roc": 0.45833333333333337,
        "f1": 0.36363636363636365,
        "precision": 0.4,
        "recall": 0.3333333333333333,
        "accuracy": 0.3,
        "threshold": 0.5,
        "true_positives": 2,
        "false_positives": 3,
        "true_negatives": 1,
        "false_negatives": 4,
        "positive_rate": 0.6
      },
      "train_time": 0.0022230148315429688,
      "n_train": 40,
      "n_test": 10,
      "n_trajectories": 50
    },
    "6-9m_9-12m": {
      "metrics": {
        "auc_pr": 0.7253968253968254,
        "auc_roc": 0.6785714285714286,
        "f1": 0.5454545454545454,
        "precision": 0.75,
        "recall": 0.42857142857142855,
        "accuracy": 0.5454545454545454,
        "threshold": 0.5,
        "true_positives": 3,
        "false_positives": 1,
        "true_negatives": 3,
        "false_negatives": 4,
        "positive_rate": 0.6363636363636364
      },
      "train_time": 0.001949310302734375,
      "n_train": 43,
      "n_test": 11,
      "n_trajectories": 54
    },
    "9-12m_0-3m": {
      "metrics": {
        "auc_pr": 0.9150793650793649,
        "auc_roc": 0.9166666666666667,
        "f1": 0.8333333333333334,
        "precision": 0.8333333333333334,
        "recall": 0.8333333333333334,
        "accuracy": 0.8333333333333334,
        "threshold": 0.5,
        "true_positives": 5,
        "false_positives": 1,
        "true_negatives": 5,
        "false_negatives": 1,
        "positive_rate": 0.5
      },
      "train_time": 0.001977205276489258,
      "n_train": 47,
      "n_test": 12,
      "n_trajectories": 59
    },
    "9-12m_3-6m": {
      "metrics": {
        "auc_pr": 0.9666666666666666,
        "auc_roc": 0.9714285714285715,
        "f1": 0.9090909090909091,
        "precision": 0.8333333333333334,
        "recall": 1.0,
        "accuracy": 0.9166666666666666,
        "threshold": 0.5,
        "true_positives": 5,
        "false_positives": 1,
        "true_negatives": 6,
        "false_negatives": 0,
        "positive_rate": 0.4166666666666667
      },
      "train_time": 0.0019729137420654297,
      "n_train": 48,
      "n_test": 12,
      "n_trajectories": 60
    },
    "9-12m_6-9m": {
      "metrics": {
        "auc_pr": 0.8701388888888888,
        "auc_roc": 0.6666666666666667,
        "f1": 0.6153846153846154,
        "precision": 0.8,
        "recall": 0.5,
        "accuracy": 0.5454545454545454,
        "threshold": 0.5,
        "true_positives": 4,
        "false_positives": 1,
        "true_negatives": 2,
        "false_negatives": 4,
        "positive_rate": 0.7272727272727273
      },