{
  "auc_roc": 0.691919191919192,
  "auc_pr": 0.5228038045737469,
  "precision": 0.41935483870967744,
  "recall": 0.5909090909090909,
  "f1_score": 0.49056603773584906,
  "optimal_threshold": 0.4389871548822743,
  "eval_optimal_threshold": 0.42812023649138115,
  "eval_optimal_f1": 0.5483870967284078,
  "positive_count": 22,
  "negative_count": 54,
  "total_count": 76,
  "prediction_stats": {
    "min": 0.39970158279104945,
    "max": 0.5155848007732641,
    "mean": 0.438852771193489,
    "std": 0.029206594783500132,
    "median": 0.4291186029920106
  }
}