{
  "auc_roc": 0.7851458885941645,
  "auc_pr": 0.7419915819662268,
  "optimal_threshold": 0.4772867262363434,
  "threshold_source": "train_data",
  "precision": 0.5,
  "recall": 0.6923076923076923,
  "f1_score": 0.5806451612903226,
  "positive_count": 13,
  "negative_count": 29,
  "total_count": 42,
  "eval_optimal_threshold": 0.4795191287994385,
  "eval_optimal_f1": 0.6956521738638941,
  "prediction_stats": {
    "min": 0.46146512031555176,
    "max": 0.48820093274116516,
    "mean": 0.4756962763411658,
    "std": 0.005110674920506674,
    "median": 0.4764966070652008
  }
}