{
  "auc_roc": 0.6400974486592088,
  "auc_pr": 0.7775936077633243,
  "f1": 0.756006628003314,
  "precision": 0.6077256077256077,
  "recall": 1.0,
  "test_samples": 3003,
  "positive_samples": 1825,
  "positive_rate": 0.6077256077256077
}