{
  "auc_roc": 0.8938992042440319,
  "auc_pr": 0.8312829390318077,
  "optimal_threshold": 0.47143569588661194,
  "threshold_source": "train_data",
  "precision": 0.7777777777777778,
  "recall": 0.5384615384615384,
  "f1_score": 0.6363636363636364,
  "positive_count": 13,
  "negative_count": 29,
  "total_count": 42,
  "eval_optimal_threshold": 0.47048380970954895,
  "eval_optimal_f1": 0.7407407406908093,
  "prediction_stats": {
    "min": 0.443477988243103,
    "max": 0.4837794601917267,
    "mean": 0.46503645678361255,
    "std": 0.009683996215345487,
    "median": 0.4655352383852005
  }
}