{
  "auc_roc": 0.8152173913043479,
  "auc_pr": 0.7457680453604367,
  "optimal_threshold": 0.4808189570903778,
  "threshold_source": "train_data",
  "precision": 0.7272727272727273,
  "recall": 0.5,
  "f1_score": 0.5925925925925926,
  "positive_count": 16,
  "negative_count": 23,
  "total_count": 39,
  "eval_optimal_threshold": 0.47640857100486755,
  "eval_optimal_f1": 0.7619047618575964,
  "prediction_stats": {
    "min": 0.4625632166862488,
    "max": 0.4904305636882782,
    "mean": 0.4784358663436694,
    "std": 0.005490018962621247,
    "median": 0.47833409905433655
  }
}