{
  "auc_roc": 0.7054563492063493,
  "auc_pr": 0.6423448286760569,
  "optimal_threshold": 0.7,
  "precision": 0.6060606060606061,
  "recall": 0.6666666666666666,
  "f1_score": 0.6349206349206349,
  "positive_count": 60,
  "negative_count": 84,
  "total_count": 144
}