{
  "auc_roc": 0.7897897897897898,
  "auc_pr": 0.6378765085080086,
  "optimal_threshold": 0.4772867262363434,
  "threshold_source": "train_data",
  "precision": 0.5652173913043478,
  "recall": 0.7222222222222222,
  "f1_score": 0.6341463414634146,
  "positive_count": 18,
  "negative_count": 37,
  "total_count": 55,
  "eval_optimal_threshold": 0.4781270921230316,
  "eval_optimal_f1": 0.6486486485986851,
  "prediction_stats": {
    "min": 0.46146512031555176,
    "max": 0.48820093274116516,
    "mean": 0.4759008971127597,
    "std": 0.004893566164468356,
    "median": 0.47625312209129333
  }
}