{
  "auc_roc": 0.6888794567062817,
  "auc_pr": 0.5702400192764336,
  "optimal_threshold": 0.54,
  "precision": 0.4824561403508772,
  "recall": 0.8870967741935484,
  "f1_score": 0.625,
  "positive_count": 62,
  "negative_count": 95,
  "total_count": 157
}