{
  "threshold": 0.49102649092674255,
  "precision": 0.7777777777777778,
  "recall": 0.7,
  "f1": 0.7368421052132963,
  "positive_rate": 0.3448275862068966,
  "method": "f1_maximization_on_train_data",
  "train_prediction_stats": {
    "min": 0.47933900356292725,
    "max": 0.5034680366516113,
    "mean": 0.4879964266357751,
    "std": 0.006103017411800269,
    "median": 0.4862387329339981
  }
}