{
  "auc_roc": 0.7547619047619047,
  "auc_pr": 0.7780153008215527,
  "f1": 0.6976744186046512,
  "precision": 0.6521739130434783,
  "recall": 0.75,
  "num_samples": 41,
  "num_positive": 20,
  "num_negative": 21,
  "threshold": 0.6389762676202182,
  "threshold_std": 0.08390284546132082
}