future_window,fw_start,fw_end,auc_roc,auc_pr,f1_score,precision,recall
0-3m,0,3,0.7326007326007326,0.6044564872154234,0.5777777777777777,0.5416666666666666,0.6190476190476191
3-6m,3,6,0.8138138138138139,0.7520561744605674,0.6363636363636364,0.5384615384615384,0.7777777777777778
6-9m,6,9,0.7639257294429708,0.691442703577982,0.6666666666666666,0.7272727272727273,0.6153846153846154
9-12m,9,12,0.6494565217391304,0.5176591114167448,0.6511627906976745,0.5185185185185185,0.875
