train_fw,0-3m,3-6m,6-9m,9-12m
0-3m,0.7326007326007326,0.8363363363363363,0.9151193633952255,0.7445652173913043
3-6m,0.7264957264957266,0.8138138138138139,0.8912466843501327,0.7771739130434783
6-9m,0.6581196581196581,0.7447447447447447,0.7639257294429708,0.8152173913043479
9-12m,0.5543345543345544,0.6231231231231231,0.519893899204244,0.6494565217391304
