{
  "auc_roc": 0.6891133557800224,
  "auc_pr": 0.6826084875157583,
  "optimal_threshold": 0.46429523825645447,
  "threshold_source": "train_data",
  "precision": 0.5333333333333333,
  "recall": 0.8888888888888888,
  "f1_score": 0.6666666666666666,
  "positive_count": 27,
  "negative_count": 33,
  "total_count": 60,
  "eval_optimal_threshold": 0.46566128730773926,
  "eval_optimal_f1": 0.6874999999512207,
  "prediction_stats": {
    "min": 0.44720304012298584,
    "max": 0.4768337309360504,
    "mean": 0.46583193639914194,
    "std": 0.005089566166292221,
    "median": 0.4662929028272629
  }
}