{
  "threshold": 0.4742107391357422,
  "precision": 0.6,
  "recall": 0.9375,
  "f1": 0.73170731702558,
  "positive_rate": 0.41025641025641024,
  "method": "f1_maximization_on_train_data",
  "auc_roc": 0.7228260869565217,
  "auc_pr": 0.5762949969487483,
  "train_prediction_stats": {
    "min": 0.4567191004753113,
    "max": 0.48031821846961975,
    "mean": 0.4744698924896045,
    "std": 0.004816253259022986,
    "median": 0.4763224422931671
  }
}