{
  "auc_roc": 0.6297348484848485,
  "auc_pr": 0.6141164909867121,
  "f1": 0.5777777777777777,
  "precision": 0.5652173913043478,
  "recall": 0.5909090909090909,
  "num_samples": 46,
  "num_positive": 22,
  "num_negative": 24,
  "threshold": 0.6350115076756421,
  "threshold_std": 0.07486610487197004
}