metric,Enhanced_IRL_mean,Random_Forest_mean,Difference,IRL_better_cells,RF_better_cells,Valid_cells
AUC-ROC,0.7747155048017118,0.7999733135388631,-0.025257808737151454,4,6,10
AUC-PR,0.7689028565457532,0.7435576634798944,0.025345193065858796,6,4,10
F1 Score,0.750466235767527,0.7177009896105264,0.03276524615700056,7,3,10
