{
  "threshold": 0.4532371681548632,
  "precision": 0.4444444444444444,
  "recall": 0.7272727272727273,
  "f1": 0.5517241378839476
}