history_months,target_months,sequence_mode,seq_len,train_samples,test_samples,auc_roc,auc_pr,accuracy,precision,recall,f1,model_path
3,3,True,10,29,8,0.5,0.6077380952380952,0.5,0.5,1.0,0.6666666666666666,importants/refactor_test/models/irl_h3m_t3m_seq.pth
3,6,True,10,29,8,0.16666666666666666,0.670436507936508,0.75,0.75,1.0,0.8571428571428571,importants/refactor_test/models/irl_h3m_t6m_seq.pth
6,3,True,10,51,13,0.7666666666666666,0.34444444444444444,0.46153846153846156,0.3,1.0,0.46153846153846156,importants/refactor_test/models/irl_h6m_t3m_seq.pth
6,6,True,10,51,13,0.5952380952380952,0.6231176231176231,0.5384615384615384,0.5,0.8333333333333334,0.625,importants/refactor_test/models/irl_h6m_t6m_seq.pth
