{
  "auc_roc": 0.5486842105263157,
  "auc_pr": 0.461635544360292,
  "threshold": 0.20285179167985917,
  "threshold_method": "k-fold-cv",
  "cv_folds": 5,
  "cv_threshold_std": 0.05498912473112273,
  "fold_thresholds": [
    0.21230585873126984,
    0.2784416675567627,
    0.21199184656143188,
    0.10678552836179733,
    0.20473405718803406
  ],
  "precision": 0.36363636363636365,
  "recall": 0.21052631578947367,
  "f1_score": 0.26666666666666666,
  "positive_count": 19,
  "negative_count": 20,
  "total_count": 39
}