{
  "auc_roc": 0.8212530712530712,
  "auc_pr": 0.7718032118261399,
  "optimal_threshold": 0.64,
  "precision": 0.7464788732394366,
  "recall": 0.7162162162162162,
  "f1_score": 0.7310344827586207,
  "positive_count": 74,
  "negative_count": 99,
  "total_count": 173
}