{
  "auc_roc": 0.8123845282793969,
  "precision": 0.75,
  "recall": 0.7310924369747899,
  "f1": 0.7404255319148936,
  "optimal_threshold": 0.16,
  "best_f1": 0.7404255319148936,
  "sample_count": 260,
  "positive_count": 119,
  "negative_count": 141,
  "continuation_rate": 0.4576923076923077,
  "auc_pr": 0.7215548324577352
}