{
  "auc_roc": 0.7572156196943973,
  "auc_pr": 0.7072886055905401,
  "optimal_threshold": 0.45,
  "precision": 0.5632183908045977,
  "recall": 0.7903225806451613,
  "f1_score": 0.6577181208053692,
  "positive_count": 62,
  "negative_count": 95,
  "total_count": 157
}