{
  "auc_roc": 0.7731481481481481,
  "auc_pr": 0.5808805178530221,
  "f1": 0.6666666666666666,
  "precision": 0.6470588235294118,
  "recall": 0.6875,
  "num_samples": 43,
  "num_positive": 16,
  "num_negative": 27,
  "threshold": 0.6062104239425434,
  "threshold_std": 0.0780367611584698
}