{
  "auc_roc": 0.519893899204244,
  "auc_pr": 0.36566308047156976,
  "optimal_threshold": 0.4773455858230591,
  "threshold_source": "train_data",
  "precision": 0.3333333333333333,
  "recall": 0.6923076923076923,
  "f1_score": 0.45,
  "positive_count": 13,
  "negative_count": 29,
  "total_count": 42,
  "eval_optimal_threshold": 0.4792959988117218,
  "eval_optimal_f1": 0.5294117646586505,
  "prediction_stats": {
    "min": 0.4585016071796417,
    "max": 0.4880524277687073,
    "mean": 0.4778374107111068,
    "std": 0.006293976736086095,
    "median": 0.47924715280532837
  }
}