{
  "auc_roc": 0.8142589118198874,
  "auc_pr": 0.6262119220426492,
  "optimal_threshold": 0.4974061846733093,
  "precision": 0.46153846153846156,
  "recall": 0.9230769230769231,
  "f1_score": 0.6153846153846154,
  "positive_count": 13,
  "negative_count": 41,
  "total_count": 54
}