{
  "auc_roc": 0.8125,
  "auc_pr": 0.7304462943854391,
  "f1": 0.6666666666666666,
  "precision": 0.6470588235294118,
  "recall": 0.6875,
  "num_samples": 43,
  "num_positive": 16,
  "num_negative": 27,
  "threshold": 0.6350115076756421,
  "threshold_std": 0.07486610487197005
}