{
  "state_importance": {
    "経験日数": -0.0026305208884878084,
    "総コミット数": 0.007953135354910046,
    "総レビュー数": 0.016513020964339375,
    "最近の活動頻度": 0.007642111857421696,
    "平均活動間隔": -0.010680956183932722,
    "活動トレンド": -0.0064188254764303565,
    "協力スコア": 0.004114681854844093,
    "コード品質スコア": -0.007847811561077833,
    "最近の受諾率": -0.00011300397454760969,
    "レビュー負荷": 0.0010542691743467003
  },
  "action_importance": {
    "強度（ファイル数）": 0.008296052285004407,
    "協力度": 0.013101510470733047,
    "応答速度": 0.0026900922530330718,
    "レビュー規模（行数）": -0.003400395144126378
  },
  "method": "gradient_based_average"
}