{
  "threshold": 0.4772867262363434,
  "precision": 0.6,
  "recall": 0.6923076923076923,
  "f1": 0.642857142807398,
  "positive_rate": 0.30952380952380953,
  "method": "f1_maximization_on_train_data",
  "auc_roc": 0.7851458885941645,
  "auc_pr": 0.7276451974661693,
  "train_prediction_stats": {
    "min": 0.4613637626171112,
    "max": 0.48251643776893616,
    "mean": 0.47465098968573977,
    "std": 0.004919046764452564,
    "median": 0.47539691627025604
  }
}