{
  "auc_roc": 0.6636363636363637,
  "auc_pr": 0.6939314952298126,
  "threshold": 0.20285179167985917,
  "threshold_method": "k-fold-cv",
  "cv_folds": 5,
  "cv_threshold_std": 0.05498912473112273,
  "fold_thresholds": [
    0.21230585873126984,
    0.2784416675567627,
    0.21199184656143188,
    0.10678552836179733,
    0.20473405718803406
  ],
  "precision": 0.5555555555555556,
  "recall": 0.22727272727272727,
  "f1_score": 0.3225806451612903,
  "positive_count": 22,
  "negative_count": 15,
  "total_count": 37
}