{
  "auc_roc": 0.9458333333333333,
  "auc_pr": 0.9352288488307892,
  "f1": 0.8,
  "precision": 0.9333333333333333,
  "recall": 0.7,
  "num_samples": 44,
  "num_positive": 20,
  "num_negative": 24,
  "threshold": 0.6667428096350376,
  "threshold_std": 0.12478187521489958
}