{
  "auc_roc": 0.849404761904762,
  "auc_pr": 0.8261859027254954,
  "optimal_threshold": 0.52,
  "precision": 0.7313432835820896,
  "recall": 0.8166666666666667,
  "f1_score": 0.7716535433070866,
  "positive_count": 60,
  "negative_count": 84,
  "total_count": 144
}