{
  "auc_roc": 0.7857142857142858,
  "auc_pr": 0.7276233137715888,
  "f1": 0.75,
  "precision": 0.6666666666666666,
  "recall": 0.8571428571428571,
  "num_samples": 34,
  "num_positive": 14,
  "num_negative": 20,
  "threshold": 0.6403248033617398,
  "threshold_std": 0.06429397286879401
}