{
  "auc_roc": 0.5487299113891666,
  "auc_pr": 0.6695916481815634,
  "f1": 0.0,
  "precision": 0.0,
  "recall": 0.0,
  "test_samples": 3003,
  "positive_samples": 1825,
  "positive_rate": 0.6077256077256077
}