{
  "auc_roc": 0.9261904761904762,
  "auc_pr": 0.934989783766958,
  "f1": 0.8095238095238095,
  "precision": 0.7727272727272727,
  "recall": 0.85,
  "num_samples": 41,
  "num_positive": 20,
  "num_negative": 21,
  "threshold": 0.6139579146363328,
  "threshold_std": 0.09942995055764436
}