{
  "auc_roc": 0.8357142857142857,
  "auc_pr": 0.8639327312585037,
  "optimal_threshold": 0.6926490068435669,
  "precision": 0.8461538461538461,
  "recall": 0.7857142857142857,
  "f1_score": 0.8148148148148148,
  "positive_count": 14,
  "negative_count": 20,
  "total_count": 34
}