{
  "auc_roc": 0.9151193633952255,
  "auc_pr": 0.8481968283099506,
  "optimal_threshold": 0.46726319193840027,
  "threshold_source": "train_data",
  "precision": 0.6666666666666666,
  "recall": 0.9230769230769231,
  "f1_score": 0.7741935483870968,
  "positive_count": 13,
  "negative_count": 29,
  "total_count": 42,
  "eval_optimal_threshold": 0.46739253401756287,
  "eval_optimal_f1": 0.7741935483383975,
  "prediction_stats": {
    "min": 0.4420982003211975,
    "max": 0.4996510148048401,
    "mean": 0.4649435785554704,
    "std": 0.013816482236963312,
    "median": 0.46461518108844757
  }
}