train_fw,0-3m,3-6m,6-9m,9-12m
0-3m,0.6297348484848485,0.7509578544061303,0.8214285714285715,0.8125
3-6m,,0.706896551724138,0.7857142857142858,0.75
6-9m,,,0.8214285714285714,0.75
9-12m,,,,0.7731481481481481
