{
  "auc_roc": 0.8138138138138139,
  "auc_pr": 0.7520561744605674,
  "optimal_threshold": 0.4766741991043091,
  "threshold_source": "train_data",
  "precision": 0.5384615384615384,
  "recall": 0.7777777777777778,
  "f1_score": 0.6363636363636364,
  "positive_count": 18,
  "negative_count": 37,
  "total_count": 55,
  "eval_optimal_threshold": 0.4779534637928009,
  "eval_optimal_f1": 0.6829268292190364,
  "prediction_stats": {
    "min": 0.4515644907951355,
    "max": 0.5000914335250854,
    "mean": 0.47520940845662896,
    "std": 0.011311056187062529,
    "median": 0.47519370913505554
  }
}