{
  "auc_roc": 0.8148667601683031,
  "auc_pr": 0.7132512305954043,
  "optimal_threshold": 0.56,
  "precision": 0.6086956521739131,
  "recall": 0.9032258064516129,
  "f1_score": 0.7272727272727273,
  "positive_count": 62,
  "negative_count": 92,
  "total_count": 154
}