{
  "threshold": 0.4766741991043091,
  "precision": 0.6086956521739131,
  "recall": 0.7777777777777778,
  "f1": 0.6829268292190364,
  "positive_rate": 0.32727272727272727,
  "method": "f1_maximization_on_train_data",
  "train_prediction_stats": {
    "min": 0.45102158188819885,
    "max": 0.4995349943637848,
    "mean": 0.474061055616899,
    "std": 0.011355681668197469,
    "median": 0.4745904803276062
  }
}