{
  "auc_roc": 0.8214285714285715,
  "auc_pr": 0.8081130179344465,
  "f1": 0.6875,
  "precision": 0.6111111111111112,
  "recall": 0.7857142857142857,
  "num_samples": 34,
  "num_positive": 14,
  "num_negative": 20,
  "threshold": 0.6350115076756421,
  "threshold_std": 0.07486610487197007
}