{
  "auc_roc": 0.3621891188102267,
  "auc_pr": 0.48718967319594086,
  "f1": 0.0,
  "precision": 0.0,
  "recall": 0.0,
  "test_samples": 2421,
  "positive_samples": 1381,
  "positive_rate": 0.570425444031392
}