{
  "auc_roc": 0.8551136363636362,
  "auc_pr": 0.9092080888704499,
  "f1": 0.7692307692307693,
  "precision": 0.8823529411764706,
  "recall": 0.6818181818181818,
  "num_samples": 38,
  "num_positive": 22,
  "num_negative": 16,
  "threshold": 0.6667428096350376,
  "threshold_std": 0.12478187521489949
}