{
  "threshold": 0.46429523825645447,
  "precision": 0.5581395348837209,
  "recall": 0.8888888888888888,
  "f1": 0.685714285666898,
  "positive_rate": 0.45,
  "method": "f1_maximization_on_train_data",
  "train_prediction_stats": {
    "min": 0.4472322463989258,
    "max": 0.4786335527896881,
    "mean": 0.46596829195817313,
    "std": 0.005203051263228931,
    "median": 0.4669315963983536
  }
}