{
  "auc_roc": 0.6065217391304348,
  "auc_pr": 0.5855332522809958,
  "optimal_threshold": 0.4868711531162262,
  "threshold_source": "train_data",
  "precision": 0.48717948717948717,
  "recall": 0.95,
  "f1_score": 0.6440677966101694,
  "positive_count": 20,
  "negative_count": 23,
  "total_count": 43,
  "eval_optimal_threshold": 0.49162620306015015,
  "eval_optimal_f1": 0.6792452829718761,
  "prediction_stats": {
    "min": 0.47396552562713623,
    "max": 0.5109108686447144,
    "mean": 0.4944955207580744,
    "std": 0.007549827265580398,
    "median": 0.4946152865886688
  }
}