{
  "auc_roc": 0.6922196796338672,
  "auc_pr": 0.6937871228665249,
  "f1": 0.5405405405405406,
  "precision": 0.5555555555555556,
  "recall": 0.5263157894736842,
  "num_samples": 42,
  "num_positive": 19,
  "num_negative": 23,
  "threshold": 0.6389762676202182,
  "threshold_std": 0.08390284546132079
}