{
  "auc_roc": 0.6942300729683061,
  "auc_pr": 0.7531048555872456,
  "f1": 0.0014461315979754157,
  "precision": 0.5,
  "recall": 0.000724112961622013,
  "test_samples": 2421,
  "positive_samples": 1381,
  "positive_rate": 0.570425444031392
}