{
  "state_importance": {
    "経験日数": -0.0018814402865245938,
    "総コミット数": 0.003769428702071309,
    "総レビュー数": 0.006589464843273163,
    "最近の活動頻度": -0.0009331266628578305,
    "平均活動間隔": -0.00900527834892273,
    "活動トレンド": -0.006720174569636583,
    "協力スコア": 0.0028380979783833027,
    "コード品質スコア": -0.005223008804023266,
    "最近の受諾率": 0.0022592293098568916,
    "レビュー負荷": -0.0032845991663634777
  },
  "action_importance": {
    "強度（ファイル数）": 0.007017143070697784,
    "協力度": 0.014604250900447369,
    "応答速度": 0.00518639525398612,
    "レビュー規模（行数）": -0.006364203058183193
  },
  "method": "gradient_based"
}