{
  "auc_roc": 0.827226507713885,
  "auc_pr": 0.7890090575078608,
  "optimal_threshold": 0.65,
  "precision": 0.8301886792452831,
  "recall": 0.7096774193548387,
  "f1_score": 0.7652173913043478,
  "positive_count": 62,
  "negative_count": 92,
  "total_count": 154
}