{
  "baseline": "logistic_regression",
  "metrics": {
    "auc_roc": [
      [
        0.7647058823529412,
        0.8701825557809331,
        0.7233333333333333,
        0.6815476190476191
      ],
      [
        0.7435897435897436,
        0.8036363636363636,
        0.7048872180451128,
        0.6206896551724138
      ],
      [
        0.8402173913043478,
        0.7634285714285713,
        0.7372742200328408,
        0.6694444444444445
      ],
      [
        0.8705128205128205,
        0.8854166666666667,
        0.770334928229665,
        0.7249575551782682
      ]
    ],
    "auc_pr": [
      [
        0.9092104433121269,
        0.9210065056033241,
        0.7646611558247027,
        0.725538005267604
      ],
      [
        0.8696978497672473,
        0.76837746941571,
        0.7505108552869781,
        0.657395803331714
      ],
      [
        0.898579801496905,
        0.8214659083593256,
        0.7917230700917036,
        0.7311963619398122
      ],
      [
        0.9308529776051296,
        0.9009695582085123,
        0.8534789615127989,
        0.8206856251375427
      ]
    ],
    "f1": [
      [
        0.7666666666666667,
        0.8,
        0.7659574468085106,
        0.7659574468085106
      ],
      [
        0.7887323943661971,
        0.8125,
        0.7586206896551724,
        0.711864406779661
      ],
      [
        0.825,
        0.7671232876712328,
        0.7575757575757576,
        0.7246376811594203
      ],
      [
        0.8354430379746836,
        0.8831168831168831,
        0.821917808219178,
        0.7647058823529411
      ]
    ],
    "precision": [
      [
        0.8846153846153846,
        0.8461538461538461,
        0.8181818181818182,
        0.782608695652174
      ],
      [
        0.875,
        0.8387096774193549,
        0.7333333333333333,
        0.7
      ],
      [
        0.825,
        0.7368421052631579,
        0.6756756756756757,
        0.6410256410256411
      ],
      [
        0.825,
        0.8292682926829268,
        0.75,
        0.7027027027027027
      ]
    ],
    "recall": [
      [
        0.6764705882352942,
        0.7586206896551724,
        0.72,
        0.75
      ],
      [
        0.717948717948718,
        0.7878787878787878,
        0.7857142857142857,
        0.7241379310344828
      ],
      [
        0.825,
        0.8,
        0.8620689655172413,
        0.8333333333333334
      ],
      [
        0.8461538461538461,
        0.9444444444444444,
        0.9090909090909091,
        0.8387096774193549
      ]
    ]
  }
}