{
  "baseline": "random_forest",
  "metrics": {
    "auc_roc": [
      [
        0.5455486542443064,
        0.7160493827160493,
        0.8097165991902835,
        0.7010869565217391
      ],
      [
        0.5455486542443064,
        0.7736625514403292,
        0.7813765182186235,
        0.6739130434782609
      ],
      [
        0.7008281573498966,
        0.6563786008230453,
        0.7651821862348178,
        0.6779891304347826
      ],
      [
        0.45341614906832295,
        0.5545267489711934,
        0.7165991902834008,
        0.4850543478260869
      ]
    ],
    "auc_pr": [
      [
        0.6531963257318543,
        0.7002167012744929,
        0.7764351460505308,
        0.6860018870358944
      ],
      [
        0.5330606806259158,
        0.728102958585872,
        0.7162192508346354,
        0.6178608074324607
      ],
      [
        0.6350246554426502,
        0.5793903968441816,
        0.5913690955251056,
        0.5130295730210113
      ],
      [
        0.49990695785479056,
        0.533037459738591,
        0.6361247180751823,
        0.4843195773878074
      ]
    ],
    "f1": [
      [
        0.4782608695652174,
        0.5365853658536586,
        0.625,
        0.5714285714285714
      ],
      [
        0.5531914893617021,
        0.6818181818181818,
        0.6666666666666666,
        0.5641025641025641
      ],
      [
        0.6666666666666666,
        0.56,
        0.6875,
        0.6046511627906976
      ],
      [
        0.5454545454545454,
        0.5238095238095238,
        0.6666666666666666,
        0.47368421052631576
      ]
    ],
    "precision": [
      [
        0.44,
        0.4782608695652174,
        0.5263157894736842,
        0.46153846153846156
      ],
      [
        0.5,
        0.5769230769230769,
        0.55,
        0.4782608695652174
      ],
      [
        0.5666666666666667,
        0.4375,
        0.5789473684210527,
        0.48148148148148145
      ],
      [
        0.5217391304347826,
        0.4583333333333333,
        0.5882352941176471,
        0.4090909090909091
      ]
    ],
    "recall": [
      [
        0.5238095238095238,
        0.6111111111111112,
        0.7692307692307693,
        0.75
      ],
      [
        0.6190476190476191,
        0.8333333333333334,
        0.8461538461538461,
        0.6875
      ],
      [
        0.8095238095238095,
        0.7777777777777778,
        0.8461538461538461,
        0.8125
      ],
      [
        0.5714285714285714,
        0.6111111111111112,
        0.7692307692307693,
        0.5625
      ]
    ]
  }
}