{
  "auc_roc": 0.7203907203907204,
  "auc_pr": 0.6023416307427791,
  "precision": 0.5652173913043478,
  "recall": 0.6190476190476191,
  "f1_score": 0.5909090909090909,
  "optimal_threshold": 0.4257348284736194,
  "eval_optimal_threshold": 0.40454972678616063,
  "eval_optimal_f1": 0.6153846153408756,
  "positive_count": 21,
  "negative_count": 39,
  "total_count": 60,
  "prediction_stats": {
    "min": 0.38519088168523186,
    "max": 0.48953701333816224,
    "mean": 0.42324099436099194,
    "std": 0.024839165441127298,
    "median": 0.4221235161861393
  }
}