{
  "threshold": 0.47143569588661194,
  "precision": 0.9090909090909091,
  "recall": 0.5555555555555556,
  "f1": 0.6896551723667064,
  "positive_rate": 0.32727272727272727,
  "method": "f1_maximization_on_train_data",
  "auc_roc": 0.8183183183183184,
  "auc_pr": 0.7615257490967922,
  "train_prediction_stats": {
    "min": 0.4439114034175873,
    "max": 0.4850315451622009,
    "mean": 0.4645061400803653,
    "std": 0.009183680278986929,
    "median": 0.4647475779056549
  }
}