{
  "auc_roc": 0.6020833333333333,
  "auc_pr": 0.46959568612577196,
  "threshold": 0.20285179167985917,
  "threshold_method": "k-fold-cv",
  "cv_folds": 5,
  "cv_threshold_std": 0.05498912473112273,
  "fold_thresholds": [
    0.21230585873126984,
    0.2784416675567627,
    0.21199184656143188,
    0.10678552836179733,
    0.20473405718803406
  ],
  "precision": 0.47058823529411764,
  "recall": 0.4,
  "f1_score": 0.43243243243243246,
  "positive_count": 20,
  "negative_count": 24,
  "total_count": 44
}