{
  "auc_roc": 0.6887871853546911,
  "auc_pr": 0.6333819626203143,
  "f1": 0.6060606060606061,
  "precision": 0.7142857142857143,
  "recall": 0.5263157894736842,
  "num_samples": 42,
  "num_positive": 19,
  "num_negative": 23,
  "threshold": 0.6667428096350376,
  "threshold_std": 0.12478187521489952
}