{
  "threshold": 0.48314122213066485,
  "precision": 0.6666666666666666,
  "recall": 0.6363636363636364,
  "f1": 0.6511627906477014
}