{
  "auc_roc": 0.5592105263157894,
  "auc_pr": 0.46890973793409285,
  "threshold": 0.30472695231437685,
  "threshold_method": "k-fold-cv",
  "cv_folds": 5,
  "cv_threshold_std": 0.09776851326681837,
  "fold_thresholds": [
    0.2544271945953369,
    0.2551411986351013,
    0.25729769468307495,
    0.5002536177635193,
    0.2565150558948517
  ],
  "precision": 0.3,
  "recall": 0.15789473684210525,
  "f1_score": 0.20689655172413793,
  "positive_count": 19,
  "negative_count": 20,
  "total_count": 39
}