{
  "threshold": 0.40815812404515645,
  "precision": 0.2894736842105263,
  "recall": 1.0,
  "f1": 0.4489795918019159
}