{
  "auc_roc": 0.876834862385321,
  "auc_pr": 0.6873113888347917,
  "f1": 0.7142857142857143,
  "precision": 0.6818181818181818,
  "recall": 0.75,
  "num_samples": 129,
  "num_positive": 20,
  "num_negative": 109,
  "threshold": 0.3391578429283908,
  "threshold_std": 0.07872119249776906
}