{
  "auc_roc": 0.7021739130434782,
  "auc_pr": 0.7792384817509974,
  "optimal_threshold": 0.46429523825645447,
  "threshold_source": "train_data",
  "precision": 0.5,
  "recall": 0.85,
  "f1_score": 0.6296296296296297,
  "positive_count": 20,
  "negative_count": 23,
  "total_count": 43,
  "eval_optimal_threshold": 0.46836185455322266,
  "eval_optimal_f1": 0.6874999999531249,
  "prediction_stats": {
    "min": 0.44720304012298584,
    "max": 0.4768337309360504,
    "mean": 0.46613150973652684,
    "std": 0.0052918046238573276,
    "median": 0.46634602546691895
  }
}