{
  "auc_roc": 0.8664772727272727,
  "auc_pr": 0.913422504842636,
  "f1": 0.8095238095238095,
  "precision": 0.85,
  "recall": 0.7727272727272727,
  "num_samples": 38,
  "num_positive": 22,
  "num_negative": 16,
  "threshold": 0.6389762676202183,
  "threshold_std": 0.08390284546132083
}