{
  "auc_roc": 0.7509578544061303,
  "auc_pr": 0.7322432625990289,
  "f1": 0.65,
  "precision": 0.5909090909090909,
  "recall": 0.7222222222222222,
  "num_samples": 47,
  "num_positive": 18,
  "num_negative": 29,
  "threshold": 0.6350115076756421,
  "threshold_std": 0.07486610487197004
}