{
  "auc_roc": 0.6548125,
  "precision": 0.7404580152671756,
  "recall": 0.60625,
  "f1": 0.6666666666666666,
  "optimal_threshold": 0.1,
  "best_f1": 0.6666666666666666,
  "sample_count": 260,
  "positive_count": 160,
  "negative_count": 100,
  "continuation_rate": 0.6153846153846154,
  "auc_pr": 0.7393836643831652
}