{
  "auc_roc": 0.7244482173174873,
  "auc_pr": 0.6292495652863802,
  "optimal_threshold": 0.61,
  "precision": 0.6027397260273972,
  "recall": 0.7096774193548387,
  "f1_score": 0.6518518518518519,
  "positive_count": 62,
  "negative_count": 95,
  "total_count": 157
}