{
  "auc_roc": 0.706896551724138,
  "auc_pr": 0.6562656129991444,
  "f1": 0.65,
  "precision": 0.5909090909090909,
  "recall": 0.7222222222222222,
  "num_samples": 47,
  "num_positive": 18,
  "num_negative": 29,
  "threshold": 0.6403248033617398,
  "threshold_std": 0.064293972868794
}