{
  "auc_roc": 0.8071428571428572,
  "auc_pr": 0.7434808471098793,
  "optimal_threshold": 0.741310179233551,
  "precision": 0.8461538461538461,
  "recall": 0.7857142857142857,
  "f1_score": 0.8148148148148148,
  "positive_count": 14,
  "negative_count": 20,
  "total_count": 34
}