{
  "threshold": 0.41994230789222003,
  "precision": 0.2894736842105263,
  "recall": 1.0,
  "f1": 0.4489795918019159
}