{
  "model": "enhanced_irl",
  "features": "B1+C1+A1+D1 (high priority)",
  "snapshot_date": "2023-01-01",
  "history_months": 12,
  "target_months": 6,
  "reference_period": 6,
  "fixed_reviewers": 290,
  "train_trajectories": 232,
  "test_trajectories": 58,
  "train_continuation_rate": 0.6594827586206896,
  "test_continuation_rate": 0.4482758620689655,
  "sequence": true,
  "seq_len": 15,
  "hidden_dim": 256,
  "dropout": 0.2,
  "epochs": 30,
  "final_loss": 0.31345369268206796,
  "evaluation": {
    "auc_roc": 0.8173076923076923,
    "auc_pr": 0.7302456044591377,
    "f1": 0.7719298245614035,
    "precision": 0.7096774193548387,
    "recall": 0.8461538461538461,
    "accuracy": 0.7758620689655172
  },
  "model_path": "importants/enhanced_irl_final_12m_6m/models/enhanced_irl_h12m_t6m_seq.pth"
}