{
  "auc_roc": 0.3181818181818181,
  "auc_pr": 0.2275650435003861,
  "precision": 0.2894736842105263,
  "recall": 1.0,
  "f1_score": 0.4489795918367347,
  "optimal_threshold": 0.41994230789222003,
  "eval_optimal_threshold": 0.421653456789014,
  "eval_optimal_f1": 0.4489795918019159,
  "positive_count": 22,
  "negative_count": 54,
  "total_count": 76,
  "prediction_stats": {
    "min": 0.421653456789014,
    "max": 0.5515619622630538,
    "mean": 0.5209536128146528,
    "std": 0.024015100818614406,
    "median": 0.5233850414466961
  }
}