{
  "auc_roc": 0.6551724137931034,
  "auc_pr": 0.4432250475131895,
  "optimal_threshold": 0.4742107391357422,
  "threshold_source": "train_data",
  "precision": 0.39285714285714285,
  "recall": 0.8461538461538461,
  "f1_score": 0.5365853658536586,
  "positive_count": 13,
  "negative_count": 29,
  "total_count": 42,
  "eval_optimal_threshold": 0.47465065121650696,
  "eval_optimal_f1": 0.5641025640581196,
  "prediction_stats": {
    "min": 0.45705488324165344,
    "max": 0.4872126877307892,
    "mean": 0.47422032129196895,
    "std": 0.005628591709129982,
    "median": 0.4754698872566223
  }
}