{
  "baseline": "random_forest",
  "metrics": {
    "auc_roc": [
      [
        0.5507246376811593,
        0.7026748971193415,
        0.7935222672064777,
        0.6508152173913043
      ],
      [
        0.6884057971014492,
        0.7829218106995884,
        0.8623481781376517,
        0.842391304347826
      ],
      [
        0.5993788819875776,
        0.8549382716049382,
        0.8421052631578948,
        0.7010869565217391
      ],
      [
        0.6107660455486541,
        0.7489711934156379,
        0.8421052631578948,
        0.7404891304347826
      ]
    ],
    "auc_pr": [
      [
        0.6551708717981106,
        0.6784630633868984,
        0.7662043022337139,
        0.6551351815004363
      ],
      [
        0.6934438663475933,
        0.7845272831574271,
        0.8481763764271504,
        0.8184463757704481
      ],
      [
        0.5948039083227662,
        0.8143670263619113,
        0.8150512885807002,
        0.7355129501781978
      ],
      [
        0.5887743067675659,
        0.7395857280549303,
        0.7447482256305785,
        0.6219427164470268
      ]
    ],
    "f1": [
      [
        0.5116279069767442,
        0.5789473684210527,
        0.6666666666666666,
        0.5128205128205128
      ],
      [
        0.45714285714285713,
        0.625,
        0.6666666666666666,
        0.6206896551724138
      ],
      [
        0.5365853658536586,
        0.7368421052631579,
        0.7096774193548387,
        0.6111111111111112
      ],
      [
        0.6,
        0.631578947368421,
        0.7407407407407407,
        0.625
      ]
    ],
    "precision": [
      [
        0.5,
        0.55,
        0.5882352941176471,
        0.43478260869565216
      ],
      [
        0.5714285714285714,
        0.7142857142857143,
        0.7272727272727273,
        0.6923076923076923
      ],
      [
        0.55,
        0.7,
        0.6111111111111112,
        0.55
      ],
      [
        0.631578947368421,
        0.6,
        0.7142857142857143,
        0.625
      ]
    ],
    "recall": [
      [
        0.5238095238095238,
        0.6111111111111112,
        0.7692307692307693,
        0.625
      ],
      [
        0.38095238095238093,
        0.5555555555555556,
        0.6153846153846154,
        0.5625
      ],
      [
        0.5238095238095238,
        0.7777777777777778,
        0.8461538461538461,
        0.6875
      ],
      [
        0.5714285714285714,
        0.6666666666666666,
        0.7692307692307693,
        0.625
      ]
    ]
  }
}