{
  "threshold": 0.4822552502155304,
  "precision": 0.5862068965517241,
  "recall": 0.85,
  "f1": 0.6938775509720949,
  "positive_rate": 0.3225806451612903,
  "method": "f1_maximization_on_train_data",
  "train_prediction_stats": {
    "min": 0.47717615962028503,
    "max": 0.4964551031589508,
    "mean": 0.48410760971807665,
    "std": 0.005409890420642186,
    "median": 0.4816795289516449
  }
}