{
  "auc_roc": 0.654698032905511,
  "auc_pr": 0.7102155199344252,
  "f1": 0.0,
  "precision": 0.0,
  "recall": 0.0,
  "test_samples": 1839,
  "positive_samples": 992,
  "positive_rate": 0.5394235997824904
}