{
  "auc_roc": 0.6122994652406416,
  "auc_pr": 0.5986214810208831,
  "optimal_threshold": 0.4734736382961273,
  "threshold_source": "train_data",
  "precision": 0.5454545454545454,
  "recall": 0.7058823529411765,
  "f1_score": 0.6153846153846154,
  "positive_count": 17,
  "negative_count": 22,
  "total_count": 39,
  "eval_optimal_threshold": 0.47364911437034607,
  "eval_optimal_f1": 0.6315789473189751,
  "prediction_stats": {
    "min": 0.460129052400589,
    "max": 0.4881361424922943,
    "mean": 0.47383886881363696,
    "std": 0.005243765248553451,
    "median": 0.4737470746040344
  }
}