{
  "auc_roc": 0.8243055555555555,
  "auc_pr": 0.7950710280111721,
  "optimal_threshold": 0.64,
  "precision": 0.6575342465753424,
  "recall": 0.8,
  "f1_score": 0.7218045112781954,
  "positive_count": 60,
  "negative_count": 84,
  "total_count": 144
}