{
  "threshold": 0.5604561567306519,
  "precision": 0.32727272727272727,
  "recall": 1.0,
  "f1": 0.4931506848943517,
  "positive_rate": 0.32727272727272727,
  "method": "f1_maximization_on_train_data",
  "train_prediction_stats": {
    "min": 0.5604561567306519,
    "max": 0.6929256319999695,
    "mean": 0.6174552928317677,
    "std": 0.03225482726850866,
    "median": 0.6113470196723938
  }
}