{
  "auc_roc": 0.5434210526315789,
  "auc_pr": 0.46457992786071844,
  "threshold": 0.40764150619506834,
  "threshold_method": "k-fold-cv",
  "cv_folds": 5,
  "cv_threshold_std": 0.20514688155994848,
  "fold_thresholds": [
    0.41495761275291443,
    0.2650838792324066,
    0.7999778985977173,
    0.31829407811164856,
    0.2398940622806549
  ],
  "precision": 0.3,
  "recall": 0.15789473684210525,
  "f1_score": 0.20689655172413793,
  "positive_count": 19,
  "negative_count": 20,
  "total_count": 39
}