{
  "auc_roc": 0.39983164983164987,
  "auc_pr": 0.29197671285260146,
  "precision": 0.2894736842105263,
  "recall": 1.0,
  "f1_score": 0.4489795918367347,
  "optimal_threshold": 0.40815812404515645,
  "eval_optimal_threshold": 0.40940074214374045,
  "eval_optimal_f1": 0.4489795918019159,
  "positive_count": 22,
  "negative_count": 54,
  "total_count": 76,
  "prediction_stats": {
    "min": 0.40940074214374045,
    "max": 0.46324307138698245,
    "mean": 0.44006183534368215,
    "std": 0.009441536814103079,
    "median": 0.44012308149463353
  }
}