{
  "auc_roc": 0.2432537629827978,
  "auc_pr": 0.37683750228157076,
  "f1": 0.0,
  "precision": 0.0,
  "recall": 0.0,
  "test_samples": 1256,
  "positive_samples": 632,
  "positive_rate": 0.5031847133757962
}