{
  "auc_roc": 0.8194444444444444,
  "auc_pr": 0.8432237137635745,
  "optimal_threshold": 0.7914872765541077,
  "precision": 0.8571428571428571,
  "recall": 0.75,
  "f1_score": 0.8,
  "positive_count": 16,
  "negative_count": 27,
  "total_count": 43
}