{
  "threshold": 0.470441609621048,
  "precision": 0.3559322033898305,
  "recall": 1.0,
  "f1": 0.5249999999612812
}