{
  "auc_roc": 0.676470588235294,
  "auc_pr": 0.6187265319087293,
  "optimal_threshold": 0.4873104989528656,
  "threshold_source": "train_data",
  "precision": 0.4666666666666667,
  "recall": 0.8235294117647058,
  "f1_score": 0.5957446808510638,
  "positive_count": 17,
  "negative_count": 22,
  "total_count": 39,
  "eval_optimal_threshold": 0.49016663432121277,
  "eval_optimal_f1": 0.6829268292197502,
  "prediction_stats": {
    "min": 0.48175206780433655,
    "max": 0.5044528841972351,
    "mean": 0.4904354940622281,
    "std": 0.004034396271560943,
    "median": 0.4907243549823761
  }
}