{
  "auc_roc": 0.646518594320534,
  "auc_pr": 0.7526961351547565,
  "f1": 0.0,
  "precision": 0.0,
  "recall": 0.0,
  "test_samples": 3003,
  "positive_samples": 1825,
  "positive_rate": 0.6077256077256077
}