train_period,eval_0-3m,eval_3-6m,eval_6-9m,eval_9-12m
0-3m,0.5791531658173028,0.7395816418677896,0.854219416832539,0.7148015551398292
3-6m,0.5976014831879153,0.7661727404004043,0.8312829390318077,0.7770521120909909
6-9m,0.4875611822057577,0.6378765085080086,0.7419915819662268,0.7900159710054737
9-12m,0.38862385764506263,0.48400012795385905,0.4432250475131895,0.5364713561878494
