train_period,eval_0-3m,eval_3-6m,eval_6-9m,eval_9-12m
0-3m,0.5909090909090909,0.7,0.7741935483870968,0.6470588235294118
3-6m,0.45714285714285713,0.6451612903225806,0.6363636363636364,0.56
6-9m,0.5333333333333333,0.6341463414634146,0.5806451612903226,0.7058823529411765
9-12m,0.6,0.6071428571428571,0.5365853658536586,0.7272727272727273
