train_period,eval_0-3m,eval_3-6m,eval_6-9m,eval_9-12m
0-3m,0.6190476190476191,0.7777777777777778,0.9230769230769231,0.6875
3-6m,0.38095238095238093,0.5555555555555556,0.5384615384615384,0.4375
6-9m,0.5714285714285714,0.7222222222222222,0.6923076923076923,0.75
9-12m,0.8571428571428571,0.9444444444444444,0.8461538461538461,1.0
