train_period,eval_0-3m,eval_3-6m,eval_6-9m,eval_9-12m
0-3m,0.7167277167277167,0.8228228228228228,0.9098143236074271,0.733695652173913
3-6m,0.7240537240537241,0.8198198198198199,0.8938992042440319,0.8016304347826088
6-9m,0.6727716727716728,0.7897897897897898,0.7851458885941645,0.8315217391304348
9-12m,0.5653235653235653,0.7147147147147147,0.6551724137931034,0.6929347826086957
