train_period,eval_0-3m,eval_3-6m,eval_6-9m,eval_9-12m
0-3m,0.5652173913043478,0.6363636363636364,0.6666666666666666,0.6111111111111112
3-6m,0.5714285714285714,0.7692307692307693,0.7777777777777778,0.7777777777777778
6-9m,0.5,0.5652173913043478,0.5,0.6666666666666666
9-12m,0.46153846153846156,0.4473684210526316,0.39285714285714285,0.5714285714285714
