{
  "auc_roc": 0.5317460317460317,
  "auc_pr": 0.4081333463290257,
  "threshold": 0.30472695231437685,
  "threshold_method": "k-fold-cv",
  "cv_folds": 5,
  "cv_threshold_std": 0.09776851326681837,
  "fold_thresholds": [
    0.2544271945953369,
    0.2551411986351013,
    0.25729769468307495,
    0.5002536177635193,
    0.2565150558948517
  ],
  "precision": 0.3333333333333333,
  "recall": 0.14285714285714285,
  "f1_score": 0.2,
  "positive_count": 14,
  "negative_count": 18,
  "total_count": 32
}