{
  "auc_roc": 0.6907317022224697,
  "auc_pr": 0.7574391968851113,
  "f1": 0.7264597580220936,
  "precision": 0.570425444031392,
  "recall": 1.0,
  "test_samples": 2421,
  "positive_samples": 1381,
  "positive_rate": 0.570425444031392
}