{
  "auc_roc": 0.9214285714285715,
  "auc_pr": 0.9308791544725049,
  "f1": 0.7804878048780488,
  "precision": 0.7619047619047619,
  "recall": 0.8,
  "num_samples": 41,
  "num_positive": 20,
  "num_negative": 21,
  "threshold": 0.6157720171601856,
  "threshold_std": 0.07007449201686917
}