{
  "baseline": "random_forest",
  "metrics": {
    "auc_roc": [
      [
        1.0,
        0.8407707910750507,
        0.82,
        0.6785714285714286
      ],
      [
        1.0,
        0.8103030303030303,
        0.7781954887218047,
        0.7264890282131662
      ],
      [
        1.0,
        0.8902857142857143,
        0.8719211822660098,
        0.7506944444444446
      ],
      [
        1.0,
        0.9050925925925926,
        0.8365231259968102,
        0.731748726655348
      ]
    ],
    "auc_pr": [
      [
        1.0,
        0.8842234701059739,
        0.8743036923591507,
        0.7945654027313087
      ],
      [
        1.0,
        0.8671745897856018,
        0.7785229389612269,
        0.7486972559907672
      ],
      [
        1.0000000000000002,
        0.9283337275668708,
        0.8674161204446061,
        0.7658094205691196
      ],
      [
        1.0,
        0.9466466165121802,
        0.8920273162619363,
        0.8346440996618641
      ]
    ],
    "f1": [
      [
        1.0,
        0.8235294117647058,
        0.8421052631578947,
        0.7241379310344828
      ],
      [
        1.0,
        0.8108108108108109,
        0.8181818181818182,
        0.7384615384615385
      ],
      [
        1.0,
        0.8311688311688312,
        0.8181818181818182,
        0.7246376811594203
      ],
      [
        1.0,
        0.8311688311688312,
        0.8285714285714286,
        0.746268656716418
      ]
    ],
    "precision": [
      [
        1.0,
        0.717948717948718,
        0.75,
        0.6176470588235294
      ],
      [
        1.0,
        0.7317073170731707,
        0.7105263157894737,
        0.6666666666666666
      ],
      [
        1.0,
        0.7619047619047619,
        0.7297297297297297,
        0.6410256410256411
      ],
      [
        1.0,
        0.7804878048780488,
        0.7837837837837838,
        0.6944444444444444
      ]
    ],
    "recall": [
      [
        1.0,
        0.9655172413793104,
        0.96,
        0.875
      ],
      [
        1.0,
        0.9090909090909091,
        0.9642857142857143,
        0.8275862068965517
      ],
      [
        1.0,
        0.9142857142857143,
        0.9310344827586207,
        0.8333333333333334
      ],
      [
        1.0,
        0.8888888888888888,
        0.8787878787878788,
        0.8064516129032258
      ]
    ]
  }
}