{
  "auc_roc": 0.733695652173913,
  "auc_pr": 0.7148015551398292,
  "optimal_threshold": 0.4562135338783264,
  "threshold_source": "train_data",
  "precision": 0.6111111111111112,
  "recall": 0.6875,
  "f1_score": 0.6470588235294118,
  "positive_count": 16,
  "negative_count": 23,
  "total_count": 39,
  "eval_optimal_threshold": 0.44398847222328186,
  "eval_optimal_f1": 0.68085106378488,
  "prediction_stats": {
    "min": 0.4335745573043823,
    "max": 0.4932312071323395,
    "mean": 0.45687910761588657,
    "std": 0.014772984326659161,
    "median": 0.4559190571308136
  }
}