{
  "auc_roc": 0.74037637582359,
  "auc_pr": 0.7518331586596925,
  "f1": 0.7008124337689863,
  "precision": 0.5394235997824904,
  "recall": 1.0,
  "test_samples": 1839,
  "positive_samples": 992,
  "positive_rate": 0.5394235997824904
}