{
  "auc_roc": 0.7523148148148148,
  "auc_pr": 0.7654497685021833,
  "optimal_threshold": 0.46429523825645447,
  "threshold_source": "train_data",
  "precision": 0.5,
  "recall": 0.8888888888888888,
  "f1_score": 0.64,
  "positive_count": 18,
  "negative_count": 24,
  "total_count": 42,
  "eval_optimal_threshold": 0.4651946723461151,
  "eval_optimal_f1": 0.7111111110631111,
  "prediction_stats": {
    "min": 0.44912058115005493,
    "max": 0.4768337309360504,
    "mean": 0.4659624823502132,
    "std": 0.004886908336958737,
    "median": 0.46606971323490143
  }
}