{
  "enhanced_irl": {
    "0-3m_train_0-3m_eval": {
      "auc": 0.9664053751399776,
      "train_samples": 189,
      "eval_samples": 66,
      "train_continuation": 0.31746031746031744,
      "eval_continuation": 0.2878787878787879
    },
    "0-3m_train_3-6m_eval": {
      "auc": 0.9058823529411765,
      "train_samples": 189,
      "eval_samples": 57,
      "train_continuation": 0.31746031746031744,
      "eval_continuation": 0.2982456140350877
    },
    "0-3m_train_6-9m_eval": {
      "auc": 0.8443548387096774,
      "train_samples": 189,
      "eval_samples": 51,
      "train_continuation": 0.31746031746031744,
      "eval_continuation": 0.39215686274509803
    },
    "0-3m_train_9-12m_eval": {
      "auc": 0.8283208020050126,
      "train_samples": 189,
      "eval_samples": 61,
      "train_continuation": 0.31746031746031744,
      "eval_continuation": 0.3114754098360656
    },
    "3-6m_train_0-3m_eval": {
      "auc": 0.9608062709966405,
      "train_samples": 155,
      "eval_samples": 66,
      "train_continuation": 0.4,
      "eval_continuation": 0.2878787878787879
    },
    "3-6m_train_3-6m_eval": {
      "auc": 0.863235294117647,
      "train_samples": 155,
      "eval_samples": 57,
      "train_continuation": 0.4,
      "eval_continuation": 0.2982456140350877
    },
    "3-6m_train_6-9m_eval": {
      "auc": 0.8024193548387097,
      "train_samples": 155,
      "eval_samples": 51,
      "train_continuation": 0.4,
      "eval_continuation": 0.39215686274509803
    },
    "3-6m_train_9-12m_eval": {
      "auc": 0.8157894736842106,
      "train_samples": 155,
      "eval_samples": 61,
      "train_continuation": 0.4,
      "eval_continuation": 0.3114754098360656
    },
    "6-9m_train_0-3m_eval": {
      "auc": 0.9652855543113101,
      "train_samples": 185,
      "eval_samples": 66,
      "train_continuation": 0.3567567567567568,
      "eval_continuation": 0.2878787878787879
    },
    "6-9m_train_3-6m_eval": {
      "auc": 0.8382352941176472,
      "train_samples": 185,
      "eval_samples": 57,
      "train_continuation": 0.3567567567567568,
      "eval_continuation": 0.2982456140350877
    },
    "6-9m_train_6-9m_eval": {
      "auc": 0.7911290322580645,
      "train_samples": 185,
      "eval_samples": 51,
      "train_continuation": 0.3567567567567568,
      "eval_continuation": 0.39215686274509803
    },
    "6-9m_train_9-12m_eval": {
      "auc": 0.8258145363408521,
      "train_samples": 185,
      "eval_samples": 61,
      "train_continuation": 0.3567567567567568,
      "eval_continuation": 0.3114754098360656
    },
    "9-12m_train_0-3m_eval": {
      "auc": 0.9596864501679732,
      "train_samples": 189,
      "eval_samples": 66,
      "train_continuation": 0.36507936507936506,
      "eval_continuation": 0.2878787878787879
    },
    "9-12m_train_3-6m_eval": {
      "auc": 0.9,
      "train_samples": 189,
      "eval_samples": 57,
      "train_continuation": 0.36507936507936506,
      "eval_continuation": 0.2982456140350877
    },
    "9-12m_train_6-9m_eval": {
      "auc": 0.8306451612903226,
      "train_samples": 189,
      "eval_samples": 51,
      "train_continuation": 0.36507936507936506,
      "eval_continuation": 0.39215686274509803
    },
    "9-12m_train_9-12m_eval": {
      "auc": 0.8220551378446115,
      "train_samples": 189,
      "eval_samples": 61,
      "train_continuation": 0.36507936507936506,
      "eval_continuation": 0.3114754098360656
    }
  },
  "random_forest": {
    "0-3m_train_0-3m_eval": {
      "auc": 0.918253079507279,
      "train_samples": 189,
      "eval_samples": 66,
      "train_continuation": 0.31746031746031744,
      "eval_continuation": 0.2878787878787879
    },
    "0-3m_train_3-6m_eval": {
      "auc": 0.9073529411764705,
      "train_samples": 189,
      "eval_samples": 57,
      "train_continuation": 0.31746031746031744,
      "eval_continuation": 0.2982456140350877
    },
    "0-3m_train_6-9m_eval": {
      "auc": 0.8443548387096774,
      "train_samples": 189,
      "eval_samples": 51,
      "train_continuation": 0.31746031746031744,
      "eval_continuation": 0.39215686274509803
    },
    "0-3m_train_9-12m_eval": {
      "auc": 0.8289473684210525,
      "train_samples": 189,
      "eval_samples": 61,
      "train_continuation": 0.31746031746031744,
      "eval_continuation": 0.3114754098360656
    },
    "3-6m_train_0-3m_eval": {
      "auc": 0.8611422172452408,
      "train_samples": 155,
      "eval_samples": 66,
      "train_continuation": 0.4,
      "eval_continuation": 0.2878787878787879
    },
    "3-6m_train_3-6m_eval": {
      "auc": 0.8720588235294118,
      "train_samples": 155,
      "eval_samples": 57,
      "train_continuation": 0.4,
      "eval_continuation": 0.2982456140350877
    },
    "3-6m_train_6-9m_eval": {
      "auc": 0.778225806451613,
      "train_samples": 155,
      "eval_samples": 51,
      "train_continuation": 0.4,
      "eval_continuation": 0.39215686274509803
    },
    "3-6m_train_9-12m_eval": {
      "auc": 0.7719298245614035,
      "train_samples": 155,
      "eval_samples": 61,
      "train_continuation": 0.4,
      "eval_continuation": 0.3114754098360656
    },
    "6-9m_train_0-3m_eval": {
      "auc": 0.8790593505039194,
      "train_samples": 185,
      "eval_samples": 66,
      "train_continuation": 0.3567567567567568,
      "eval_continuation": 0.2878787878787879
    },
    "6-9m_train_3-6m_eval": {
      "auc": 0.8779411764705882,
      "train_samples": 185,
      "eval_samples": 57,
      "train_continuation": 0.3567567567567568,
      "eval_continuation": 0.2982456140350877
    },
    "6-9m_train_6-9m_eval": {
      "auc": 0.754032258064516,
      "train_samples": 185,
      "eval_samples": 51,
      "train_continuation": 0.3567567567567568,
      "eval_continuation": 0.39215686274509803
    },
    "6-9m_train_9-12m_eval": {
      "auc": 0.7468671679197995,
      "train_samples": 185,
      "eval_samples": 61,
      "train_continuation": 0.3567567567567568,
      "eval_continuation": 0.3114754098360656
    },
    "9-12m_train_0-3m_eval": {
      "auc": 0.9260918253079508,
      "train_samples": 189,
      "eval_samples": 66,
      "train_continuation": 0.36507936507936506,
      "eval_continuation": 0.2878787878787879
    },
    "9-12m_train_3-6m_eval": {
      "auc": 0.8970588235294119,
      "train_samples": 189,
      "eval_samples": 57,
      "train_continuation": 0.36507936507936506,
      "eval_continuation": 0.2982456140350877
    },
    "9-12m_train_6-9m_eval": {
      "auc": 0.8669354838709677,
      "train_samples": 189,
      "eval_samples": 51,
      "train_continuation": 0.36507936507936506,
      "eval_continuation": 0.39215686274509803
    },
    "9-12m_train_9-12m_eval": {
      "auc": 0.8583959899749373,
      "train_samples": 189,
      "eval_samples": 61,
      "train_continuation": 0.36507936507936506,
      "eval_continuation": 0.3114754098360656
    }
  }
}