train_start,train_end,eval_start,eval_end,auc
0,3,0,3,0.8480418599633186
0,3,3,6,0.8464235624123422
0,3,6,9,0.8414607832560146
0,3,9,12,0.8363361743445895
3,6,3,6,0.8656999593440845
3,6,6,9,0.8652934001897277
3,6,9,12,0.8661065184984414
6,9,6,9,0.8461161480029404
6,9,9,12,0.8439108061749571
9,12,9,12,0.8431329530495831
