{
  "auc_roc": 0.7203907203907204,
  "auc_pr": 0.6023416307427791,
  "precision": 0.5652173913043478,
  "recall": 0.6190476190476191,
  "f1_score": 0.5909090909090909,
  "optimal_threshold": 0.4135876682083783,
  "eval_optimal_threshold": 0.38913085686948445,
  "eval_optimal_f1": 0.6153846153408756,
  "positive_count": 21,
  "negative_count": 39,
  "total_count": 60,
  "prediction_stats": {
    "min": 0.3669086910735598,
    "max": 0.4877938256617901,
    "mean": 0.41077705855661845,
    "std": 0.028755113698780786,
    "median": 0.40940979517387843
  }
}