{
  "threshold": 0.4135876682083783,
  "precision": 0.6190476190476191,
  "recall": 0.6190476190476191,
  "f1": 0.6190476189976191
}