{
  "threshold": 0.4808189570903778,
  "precision": 0.7,
  "recall": 0.5384615384615384,
  "f1": 0.6086956521247636,
  "positive_rate": 0.30952380952380953,
  "method": "f1_maximization_on_train_data",
  "train_prediction_stats": {
    "min": 0.46182674169540405,
    "max": 0.48848047852516174,
    "mean": 0.4766870602255776,
    "std": 0.005702866243503963,
    "median": 0.47741611301898956
  }
}