{
  "baseline": "random_forest",
  "matrix": {
    "0-3m_0-3m": {
      "metrics": {
        "auc_pr": 0.8631519274376416,
        "auc_roc": 0.6666666666666667,
        "f1": 0.8,
        "precision": 0.75,
        "recall": 0.8571428571428571,
        "accuracy": 0.7,
        "threshold": 0.5,
        "true_positives": 6,
        "false_positives": 2,
        "true_negatives": 1,
        "false_negatives": 1,
        "positive_rate": 0.7
      },
      "train_time": 0.10573577880859375,
      "n_train": 38,
      "n_test": 10,
      "n_trajectories": 48
    },
    "0-3m_3-6m": {
      "metrics": {
        "auc_pr": 1.0,
        "auc_roc": 1.0,
        "f1": 0.9411764705882353,
        "precision": 0.8888888888888888,
        "recall": 1.0,
        "accuracy": 0.9,
        "threshold": 0.5,
        "true_positives": 8,
        "false_positives": 1,
        "true_negatives": 1,
        "false_negatives": 0,
        "positive_rate": 0.8
      },
      "train_time": 0.08584284782409668,
      "n_train": 36,
      "n_test": 10,
      "n_trajectories": 46
    },
    "0-3m_6-9m": {
      "metrics": {
        "auc_pr": 0.6261904761904762,
        "auc_roc": 0.5625,
        "f1": 0.6,
        "precision": 0.5,
        "recall": 0.75,
        "accuracy": 0.5,
        "threshold": 0.5,
        "true_positives": 3,
        "false_positives": 3,
        "true_negatives": 1,
        "false_negatives": 1,
        "positive_rate": 0.5
      },
      "train_time": 0.14258503913879395,
      "n_train": 29,
      "n_test": 8,
      "n_trajectories": 37
    },
    "0-3m_9-12m": {
      "metrics": {
        "auc_pr": 0.5783333333333333,
        "auc_roc": 0.3666666666666667,
        "f1": 0.7272727272727273,
        "precision": 0.6666666666666666,
        "recall": 0.8,
        "accuracy": 0.625,
        "threshold": 0.5,
        "true_positives": 4,
        "false_positives": 2,
        "true_negatives": 1,
        "false_negatives": 1,
        "positive_rate": 0.625
      },
      "train_time": 0.08903193473815918,
      "n_train": 30,
      "n_test": 8,
      "n_trajectories": 38
    },
    "3-6m_0-3m": {
      "metrics": {
        "auc_pr": 0.897929292929293,
        "auc_roc": 0.5,
        "f1": 0.7368421052631579,
        "precision": 0.7777777777777778,
        "recall": 0.7,
        "accuracy": 0.5833333333333334,
        "threshold": 0.5,
        "true_positives": 7,
        "false_positives": 2,
        "true_negatives": 0,
        "false_negatives": 3,
        "positive_rate": 0.8333333333333334
      },
      "train_time": 0.09302115440368652,
      "n_train": 45,
      "n_test": 12,
      "n_trajectories": 57
    },
    "3-6m_3-6m": {
      "metrics": {
        "auc_pr": 0.9126984126984127,
        "auc_roc": 0.78125,
        "f1": 0.75,
        "precision": 0.75,
        "recall": 0.75,
        "accuracy": 0.6666666666666666,
        "threshold": 0.5,
        "true_positives": 6,
        "false_positives": 2,
        "true_negatives": 2,
        "false_negatives": 2,
        "positive_rate": 0.6666666666666666
      },
      "train_time": 0.09910011291503906,
      "n_train": 46,
      "n_test": 12,
      "n_trajectories": 58
    },
    "3-6m_6-9m": {
      "metrics": {
        "auc_pr": 0.7713789682539682,
        "auc_roc": 0.5,
        "f1": 0.7142857142857143,
        "precision": 0.8333333333333334,
        "recall": 0.625,
        "accuracy": 0.6,
        "threshold": 0.5,
        "true_positives": 5,
        "false_positives": 1,
        "true_negatives": 1,
        "false_negatives": 3,
        "positive_rate": 0.8
      },
      "train_time": 0.11895012855529785,
      "n_train": 37,
      "n_test": 10,
      "n_trajectories": 47
    },
    "3-6m_9-12m": {
      "metrics": {
        "auc_pr": 0.9535634118967453,
        "auc_roc": 0.8055555555555556,
        "f1": 0.8,
        "precision": 1.0,
        "recall": 0.6666666666666666,
        "accuracy": 0.7272727272727273,
        "threshold": 0.5,
        "true_positives": 6,
        "false_positives": 0,
        "true_negatives": 2,
        "false_negatives": 3,
        "positive_rate": 0.8181818181818182
      },
      "train_time": 0.08719110488891602,
      "n_train": 40,
      "n_test": 11,
      "n_trajectories": 51
    },
    "6-9m_0-3m": {
      "metrics": {
        "auc_pr": 0.9060405643738978,
        "auc_roc": 0.8333333333333334,
        "f1": 0.75,
        "precision": 0.8571428571428571,
        "recall": 0.6666666666666666,
        "accuracy": 0.6923076923076923,
        "threshold": 0.5,
        "true_positives": 6,
        "false_positives": 1,
        "true_negatives": 3,
        "false_negatives": 3,
        "positive_rate": 0.6923076923076923
      },
      "train_time": 0.08132600784301758,
      "n_train": 50,
      "n_test": 13,
      "n_trajectories": 63
    },
    "6-9m_3-6m": {
      "metrics": {
        "auc_pr": 0.8107954545454545,
        "auc_roc": 0.59375,
        "f1": 0.75,
        "precision": 0.75,
        "recall": 0.75,
        "accuracy": 0.6666666666666666,
        "threshold": 0.5,
        "true_positives": 6,
        "false_positives": 2,
        "true_negatives": 2,
        "false_negatives": 2,
        "positive_rate": 0.6666666666666666
      },
      "train_time": 0.09578108787536621,
      "n_train": 48,
      "n_test": 12,
      "n_trajectories": 60
    },
    "6-9m_6-9m": {
      "metrics": {
        "auc_pr": 0.786111111111111,
        "auc_roc": 0.7083333333333334,
        "f1": 0.7692307692307693,
        "precision": 0.7142857142857143,
        "recall": 0.8333333333333334,
        "accuracy": 0.7,
        "threshold": 0.5,
        "true_positives": 5,
        "false_positives": 2,
        "true_negatives": 2,
        "false_negatives": 1,
        "positive_rate": 0.6
      },
      "train_time": 0.08212590217590332,
      "n_train": 40,
      "n_test": 10,
      "n_trajectories": 50
    },
    "6-9m_9-12m": {
      "metrics": {
        "auc_pr": 0.8596165739022881,
        "auc_roc": 0.6785714285714286,
        "f1": 0.7272727272727273,
        "precision": 1.0,
        "recall": 0.5714285714285714,
        "accuracy": 0.7272727272727273,
        "threshold": 0.5,
        "true_positives": 4,
        "false_positives": 0,
        "true_negatives": 4,
        "false_negatives": 3,
        "positive_rate": 0.6363636363636364
      },
      "train_time": 0.08628201484680176,
      "n_train": 43,
      "n_test": 11,
      "n_trajectories": 54
    },
    "9-12m_0-3m": {
      "metrics": {
        "auc_pr": 0.6968253968253969,
        "auc_roc": 0.7916666666666667,
        "f1": 0.7692307692307693,
        "precision": 0.7142857142857143,
        "recall": 0.8333333333333334,
        "accuracy": 0.75,
        "threshold": 0.5,
        "true_positives": 5,
        "false_positives": 2,
        "true_negatives": 4,
        "false_negatives": 1,
        "positive_rate": 0.5
      },
      "train_time": 0.08781695365905762,
      "n_train": 47,
      "n_test": 12,
      "n_trajectories": 59
    },
    "9-12m_3-6m": {
      "metrics": {
        "auc_pr": 0.9111111111111112,
        "auc_roc": 0.8857142857142857,
        "f1": 0.7272727272727273,
        "precision": 0.6666666666666666,
        "recall": 0.8,
        "accuracy": 0.75,
        "threshold": 0.5,
        "true_positives": 4,
        "false_positives": 2,
        "true_negatives": 5,
        "false_negatives": 1,
        "positive_rate": 0.4166666666666667
      },
      "train_time": 0.08642125129699707,
      "n_train": 48,
      "n_test": 12,
      "n_trajectories": 60
    },
    "9-12m_6-9m": {
      "metrics": {
        "auc_pr": 0.8817956349206348,
        "auc_roc": 0.7500000000000001,
        "f1": 0.9411764705882353,
        "precision": 0.8888888888888888,
        "recall": 1.0,
        "accuracy": 0.9090909090909091,
        "threshold": 0.5,
        "true_positives": 8,
        "false_positives": 1,
        "true_negatives": 2,
        "false_negatives": 0,