{
  "threshold": 0.366556437529317,
  "precision": 0.3076923076923077,
  "recall": 1.0,
  "f1": 0.4705882352581315
}