{
  "auc_roc": 0.7959770114942528,
  "auc_pr": 0.6912191354624163,
  "optimal_threshold": 0.8356582522392273,
  "precision": 0.6521739130434783,
  "recall": 0.8333333333333334,
  "f1_score": 0.7317073170731707,
  "positive_count": 18,
  "negative_count": 29,
  "total_count": 47
}