{
  "threshold": 0.4562135338783264,
  "precision": 0.6190476190476191,
  "recall": 0.6190476190476191,
  "f1": 0.6190476189976191
}