{
  "auc_roc": 0.8157051282051282,
  "auc_pr": 0.4994522585739558,
  "optimal_threshold": 0.4900044798851013,
  "threshold_source": "train_data",
  "precision": 0.56,
  "recall": 0.875,
  "f1_score": 0.6829268292682927,
  "positive_count": 16,
  "negative_count": 39,
  "total_count": 55,
  "eval_optimal_threshold": 0.4902370572090149,
  "eval_optimal_f1": 0.682926829220702,
  "prediction_stats": {
    "min": 0.48509296774864197,
    "max": 0.506190299987793,
    "mean": 0.49190678596496584,
    "std": 0.0059257767473059626,
    "median": 0.48965689539909363
  }
}