{
  "threshold": 0.4900044798851013,
  "precision": 0.5833333333333334,
  "recall": 0.875,
  "f1": 0.699999999952,
  "positive_rate": 0.2909090909090909,
  "method": "f1_maximization_on_train_data",
  "train_prediction_stats": {
    "min": 0.4840294420719147,
    "max": 0.506088137626648,
    "mean": 0.49151387539776886,
    "std": 0.006012393498415896,
    "median": 0.4892205595970154
  }
}