{
  "threshold": 0.5749388337135315,
  "precision": 0.30952380952380953,
  "recall": 1.0,
  "f1": 0.47272727269117354,
  "positive_rate": 0.30952380952380953,
  "method": "f1_maximization_on_train_data",
  "train_prediction_stats": {
    "min": 0.5749388337135315,
    "max": 0.6542205810546875,
    "mean": 0.6116654660020556,
    "std": 0.019111498084444695,
    "median": 0.6120080947875977
  }
}